kod_obce,nazev_obce,kraj,pocet_osob_v_exekuci,pocet_exekuci,pocet_obyvatel
500011,Želechovice nad Dřevnicí,Zlínský kraj,50,246,1856
500020,Petrov nad Desnou,Olomoucký kraj,44,174,1223
500046,Libhošť,Moravskoslezský kraj,32,148,1777
500062,Krhová,Zlínský kraj,35,130,2080
500071,Poličná,Zlínský kraj,20,76,1757
500101,Bražec,Karlovarský kraj,34,156,249
500127,Doupovské Hradiště,Karlovarský kraj,16,96,164
500135,Kozlov,Olomoucký kraj,40,251,275
500151,Luboměř pod Strážnou,Olomoucký kraj,4,5,119
500160,Město Libavá,Olomoucký kraj,98,566,560
500194,Polná na Šumavě,Jihočeský kraj,46,326,198
500259,Veřovice,Moravskoslezský kraj,45,152,1979
500291,Vřesina,Moravskoslezský kraj,47,247,2846
500496,Olomouc,Olomoucký kraj,6042,33966,102167
500526,Bělkovice-Lašťany,Olomoucký kraj,61,257,2275
500623,Bílá Lhota,Olomoucký kraj,32,194,1172
500801,Blatec,Olomoucký kraj,22,129,652
500852,Bohuňovice,Olomoucký kraj,66,415,2550
500861,Bouzov,Olomoucký kraj,57,306,1585
500879,Bystročice,Olomoucký kraj,26,137,893
501476,Dlouhá Loučka,Olomoucký kraj,90,425,1980
501646,Dolany,Olomoucký kraj,70,366,2930
501751,Drahanovice,Olomoucký kraj,62,331,1838
501794,Dub nad Moravou,Olomoucký kraj,61,228,1620
501841,Grygov,Olomoucký kraj,54,262,1524
502146,Hlubočky,Olomoucký kraj,221,1117,4214
502235,Hněvotín,Olomoucký kraj,53,245,1892
502405,Hnojice,Olomoucký kraj,27,140,659
502545,Horka nad Moravou,Olomoucký kraj,109,517,2664
502839,Cholina,Olomoucký kraj,16,67,708
503142,Jívová,Olomoucký kraj,33,186,650
503304,Kožušany-Tážaly,Olomoucký kraj,22,120,875
503410,Žitovlice,Středočeský kraj,6,30,184
503444,Litovel,Olomoucký kraj,404,2443,9721
503622,Luká,Olomoucký kraj,17,58,905
503657,Lutín,Olomoucký kraj,121,587,3241
503738,Majetín,Olomoucký kraj,36,162,1180
503916,Kostelec,Plzeňský kraj,47,318,596
504246,Mladeč,Olomoucký kraj,22,143,725
504301,Dřenice,Pardubický kraj,13,63,426
504441,Náklo,Olomoucký kraj,48,269,1500
504505,Náměšť na Hané,Olomoucký kraj,60,234,2190
504785,Paseka,Olomoucký kraj,58,260,1282
504807,Lány,Pardubický kraj,3,17,287
504921,Třibřichy,Pardubický kraj,5,25,281
504955,Dvakačovice,Pardubický kraj,5,33,227
505005,Bítovany,Pardubický kraj,4,17,438
505013,Příkazy,Olomoucký kraj,42,146,1341
505030,Dolní Bezděkov,Pardubický kraj,6,27,269
505081,Senice na Hané,Olomoucký kraj,59,359,1773
505099,Červená Hora,Královéhradecký kraj,5,28,194
505111,Slatinice,Olomoucký kraj,46,228,1574
505145,Březová nad Svitavou,Pardubický kraj,107,701,1615
505161,Štěpánov,Olomoucký kraj,162,927,3565
505188,Šternberk,Olomoucký kraj,710,4540,13279
505218,Šumvald,Olomoucký kraj,51,280,1656
505269,Těšetice,Olomoucký kraj,57,285,1345
505293,Troubelice,Olomoucký kraj,62,370,1852
505366,Tršice,Olomoucký kraj,52,285,1862
505391,Bělá u Jevíčka,Pardubický kraj,10,54,356
505501,Újezd,Olomoucký kraj,100,508,1493
505528,Jenčice,Ústecký kraj,15,73,334
505587,Uničov,Olomoucký kraj,672,3480,11166
505609,Velká Bystřice,Olomoucký kraj,122,648,3663
505650,Velký Týnec,Olomoucký kraj,73,330,3171
505668,Velký Újezd,Olomoucký kraj,28,197,1394
505781,Zápy,Středočeský kraj,41,188,927
505862,Žerotín,Olomoucký kraj,9,44,453
505927,Opava,Moravskoslezský kraj,3013,14800,55548
506192,Bohuslavice,Moravskoslezský kraj,40,176,1786
506214,Bolatice,Moravskoslezský kraj,78,305,4511
506320,Brumovice,Moravskoslezský kraj,43,164,1514
506451,Březová,Moravskoslezský kraj,44,203,1412
506460,Budišov nad Budišovkou,Moravskoslezský kraj,307,1527,2822
506486,Boží Dar,Karlovarský kraj,10,53,317
506494,Nové Hamry,Karlovarský kraj,11,32,362
506621,Čichalov,Karlovarský kraj,21,123,176
506664,Skořice,Plzeňský kraj,13,68,276
506699,Otmarov,Jihomoravský kraj,6,29,391
506702,Dolní Benešov,Moravskoslezský kraj,149,745,3899
506711,Dolní Lhota,Moravskoslezský kraj,24,119,1510
506729,Dvorce,Kraj Vysočina,6,18,210
506737,Chvalčov,Zlínský kraj,70,365,1619
506753,Háj ve Slezsku,Moravskoslezský kraj,71,318,3232
506761,Alojzov,Olomoucký kraj,8,48,253
506770,Seloutky,Olomoucký kraj,20,99,534
507016,Hlučín,Moravskoslezský kraj,653,3393,13443
507091,Nýdek,Moravskoslezský kraj,51,223,2093
507105,Hněvošice,Moravskoslezský kraj,9,28,1000
507113,Holasovice,Moravskoslezský kraj,30,119,1365
507181,Pržno,Moravskoslezský kraj,30,114,1099
507237,Komorní Lhotka,Moravskoslezský kraj,41,200,1514
507261,Hrabyně,Moravskoslezský kraj,58,287,1135
507270,Hradec nad Moravicí,Moravskoslezský kraj,81,419,5498
507334,Chuchelná,Moravskoslezský kraj,47,217,1270
507377,Jakartovice,Moravskoslezský kraj,69,320,1094
507423,Janovice,Moravskoslezský kraj,51,268,2013
507458,Košařiska,Moravskoslezský kraj,6,18,355
507504,Kobeřice,Moravskoslezský kraj,49,157,3210
507547,Milíkov,Moravskoslezský kraj,16,73,1324
507580,Kravaře,Moravskoslezský kraj,177,755,6618
507610,Doňov,Jihočeský kraj,5,17,77
507628,Pleše,Jihočeský kraj,15,87,184
507644,Újezdec,Jihočeský kraj,2,2,70
507695,Záhoří,Jihočeský kraj,3,8,117
507717,Peč,Jihočeský kraj,17,93,486
507733,Březina,Jihočeský kraj,3,20,129
507784,Ratiboř,Jihočeský kraj,7,32,204
507920,Litultovice,Moravskoslezský kraj,52,311,943
507971,Ludgeřovice,Moravskoslezský kraj,115,593,4959
508004,Roseč,Jihočeský kraj,2,25,218
508128,Markvartovice,Moravskoslezský kraj,70,361,2189
508144,Melč,Moravskoslezský kraj,39,216,667
508152,Střížovice,Jihočeský kraj,55,299,570
508373,Mokré Lazce,Moravskoslezský kraj,17,64,1153
508501,Lužnice,Jihočeský kraj,7,18,439
508683,Záblatí,Jihočeský kraj,3,27,93
509078,Plavsko,Jihočeský kraj,21,97,478
509108,Kostelní Radouň,Jihočeský kraj,10,32,303
509116,Červený Hrádek,Jihočeský kraj,5,10,193
509141,Dvory nad Lužnicí,Jihočeský kraj,10,35,398
509191,Cep,Jihočeský kraj,8,52,190
509388,Arneštovice,Kraj Vysočina,1,11,81
509418,Bořetín,Kraj Vysočina,2,37,109
509574,Oldřišov,Moravskoslezský kraj,26,89,1492
509612,Otice,Moravskoslezský kraj,27,145,1486
509621,Předotice,Jihočeský kraj,17,84,583
509647,Píšť,Moravskoslezský kraj,52,205,2087
509736,Pustá Polom,Moravskoslezský kraj,30,125,1367
509752,Křižanov,Jihočeský kraj,5,25,95
509841,Raduň,Moravskoslezský kraj,25,136,1178
510068,Čečelovice,Jihočeský kraj,11,45,193
510131,Skřipov,Moravskoslezský kraj,19,127,1006
510289,Slavkov,Moravskoslezský kraj,28,134,2118
510297,Služovice,Moravskoslezský kraj,28,120,841
510343,Stěbořice,Moravskoslezský kraj,23,102,1453
510378,Sudice,Moravskoslezský kraj,29,96,629
510432,Šilheřovice,Moravskoslezský kraj,36,201,1587
510483,Štěpánkovice,Moravskoslezský kraj,67,239,3161
510491,Štítina,Moravskoslezský kraj,21,86,1296
510556,Láz,Kraj Vysočina,7,38,295
510645,Kojatín,Kraj Vysočina,3,16,95
510882,Velká Polom,Moravskoslezský kraj,40,238,2124
510891,Velké Heraltice,Moravskoslezský kraj,88,444,1610
510939,Velké Hoštice,Moravskoslezský kraj,33,123,1822
510980,Ocmanice,Kraj Vysočina,6,24,324
511021,Vítkov,Moravskoslezský kraj,468,2274,5660
511081,Sedlec,Kraj Vysočina,5,29,246
511161,Vršovice,Moravskoslezský kraj,22,75,520
511242,Vícenice u Náměště nad Oslavou,Kraj Vysočina,10,29,430
511307,Rácovice,Kraj Vysočina,2,9,115
511382,Přerov,Olomoucký kraj,2767,14023,41678
511412,Oslavička,Kraj Vysočina,3,37,133
511587,Josefov,Karlovarský kraj,20,172,413
511633,Bocanovice,Moravskoslezský kraj,3,33,503
511935,Bukovec,Moravskoslezský kraj,22,84,1381
511951,Dolní Lomná,Moravskoslezský kraj,19,77,918
511986,Horní Lomná,Moravskoslezský kraj,16,65,360
512028,Písek,Moravskoslezský kraj,50,173,1898
512176,Hrádek,Moravskoslezský kraj,35,174,1927
512184,Metylovice,Moravskoslezský kraj,44,187,1803
512192,Horní Domaslavice,Moravskoslezský kraj,11,45,1046
512231,Bělotín,Olomoucký kraj,111,595,1840
512281,Beňov,Olomoucký kraj,20,86,677
512401,Bezuchov,Olomoucký kraj,5,30,185
512532,Bochoř,Olomoucký kraj,33,201,983
512745,Těškovice,Moravskoslezský kraj,18,63,816
512800,Brodek u Přerova,Olomoucký kraj,82,346,1871
512826,Buk,Olomoucký kraj,12,51,381
512869,Strahovice,Moravskoslezský kraj,29,138,882
512877,Býškovice,Olomoucký kraj,3,9,378
512893,Nové Lublice,Moravskoslezský kraj,10,46,177
512907,Kyjovice,Moravskoslezský kraj,7,46,845
512923,Chlebičov,Moravskoslezský kraj,27,104,1175
512974,Bělá,Moravskoslezský kraj,10,49,673
512982,Citov,Olomoucký kraj,22,93,536
513032,Kamenný Most,Středočeský kraj,28,109,411
513041,Lhota,Středočeský kraj,10,57,668
513059,Čelechovice,Olomoucký kraj,6,19,131
513067,Černotín,Olomoucký kraj,19,62,791
513075,Hobšovice,Středočeský kraj,30,186,359
513105,Dobrčice,Olomoucký kraj,8,30,235
513113,Malé Přítočno,Středočeský kraj,22,114,312
513130,Dolany,Středočeský kraj,20,97,287
513148,Polní Voděrady,Středočeský kraj,16,78,216
513164,Ždánice,Středočeský kraj,14,57,365
513181,Dománovice,Středočeský kraj,4,7,110
513199,Dolní Újezd,Olomoucký kraj,47,250,1227
513202,Zalešany,Středočeský kraj,3,21,112
513211,Domaželice,Olomoucký kraj,20,56,539
513229,Dřevohostice,Olomoucký kraj,46,225,1482
513237,Polní Chrčice,Středočeský kraj,3,17,185
513261,Žabonosy,Středočeský kraj,10,46,248
513270,Lipec,Středočeský kraj,3,10,188
513288,Mrzky,Středočeský kraj,12,42,170
513369,Přehvozdí,Středočeský kraj,13,70,331
513393,Přistoupim,Středočeský kraj,17,96,458
513415,Kbel,Středočeský kraj,6,20,221
513423,Pašinka,Středočeský kraj,10,99,341
513431,Chýnice,Středočeský kraj,15,103,441
513458,Vestec,Středočeský kraj,79,306,3063
513482,Vysoký Újezd,Středočeský kraj,4,32,191
513491,Horní Moštěnice,Olomoucký kraj,62,329,1679
513504,Dlouhá Lhota,Středočeský kraj,12,86,457
513512,Zduchovice,Středočeský kraj,8,26,312
513521,Lešetice,Středočeský kraj,3,7,212
513539,Velká Lečice,Středočeský kraj,4,10,194
513547,Příčovy,Středočeský kraj,8,49,343
513555,Kotenčice,Středočeský kraj,5,23,210
513571,Občov,Středočeský kraj,5,27,215
513580,Hudčice,Středočeský kraj,15,100,261
513628,Klokočná,Středočeský kraj,5,13,280
513636,Hrabůvka,Olomoucký kraj,5,28,327
513644,Zlatá,Středočeský kraj,2,8,420
513661,Nová Ves,Jihočeský kraj,14,77,405
513695,Horní Smržov,Jihomoravský kraj,1,6,132
513709,Roubanina,Jihomoravský kraj,5,40,122
513717,Urbanice,Královéhradecký kraj,10,34,311
513733,Hradčany,Olomoucký kraj,7,24,318
513750,Hranice,Olomoucký kraj,929,4552,18077
513768,Hustopeče nad Bečvou,Olomoucký kraj,35,183,1770
513873,Jindřichov,Olomoucký kraj,7,31,492
513890,Skalka u Doks,Liberecký kraj,5,30,176
514047,Klokočí,Olomoucký kraj,3,14,268
514055,Kojetín,Olomoucký kraj,517,2843,5807
514152,Kokory,Olomoucký kraj,34,108,1103
514161,Luka,Liberecký kraj,11,52,97
514195,Ždírec,Liberecký kraj,3,24,119
514276,Pertoltice pod Ralskem,Liberecký kraj,47,224,431
514446,Lazníčky,Olomoucký kraj,9,36,186
514471,Lazníky,Olomoucký kraj,22,100,544
514497,Lhota,Olomoucký kraj,6,33,347
514527,Lhotka,Olomoucký kraj,1,5,73
514705,Lipník nad Bečvou,Olomoucký kraj,532,2781,7953
514772,Lipová,Olomoucký kraj,14,52,268
514802,Líšná,Olomoucký kraj,10,47,249
515191,Lobodice,Olomoucký kraj,53,358,730
515329,Malhotice,Olomoucký kraj,8,23,362
515418,Milenov,Olomoucký kraj,11,61,422
515477,Milotice nad Bečvou,Olomoucký kraj,5,42,302
515787,Nelešovice,Olomoucký kraj,9,40,181
515825,Oldřichov,Olomoucký kraj,3,10,118
516201,Opatovice,Olomoucký kraj,30,142,816
516350,Oprostovice,Olomoucký kraj,2,7,84
516619,Osek nad Bečvou,Olomoucký kraj,28,165,1364
516635,Paršovice,Olomoucký kraj,6,53,397
516686,Partutovice,Olomoucký kraj,8,51,514
516694,Pavlovice u Přerova,Olomoucký kraj,20,127,726
516864,Podolí,Olomoucký kraj,7,55,203
516899,Polkovice,Olomoucký kraj,24,125,500
516911,Polom,Olomoucký kraj,31,168,310
517101,Potštát,Olomoucký kraj,64,340,1234
517151,Prosenice,Olomoucký kraj,43,147,793
517208,Provodovice,Olomoucký kraj,7,32,161
517224,Přestavlky,Olomoucký kraj,10,50,254
517275,Radíkov,Olomoucký kraj,2,2,160
517321,Radkova Lhota,Olomoucký kraj,7,31,207
517437,Radkovy,Olomoucký kraj,4,6,147
517445,Radotín,Olomoucký kraj,1,7,182
517534,Radslavice,Olomoucký kraj,33,143,1147
517569,Radvanice,Olomoucký kraj,14,96,276
517585,Rakov,Olomoucký kraj,23,136,414
517607,Rokytnice,Olomoucký kraj,28,133,1520
517615,Rouské,Olomoucký kraj,5,21,265
517666,Říkovice,Olomoucký kraj,33,154,458
517747,Skalička,Olomoucký kraj,15,39,664
517836,Sobíšky,Olomoucký kraj,1,2,149
517844,Soběchleby,Olomoucký kraj,15,84,578
517887,Stará Ves,Olomoucký kraj,27,137,611
517909,Střítež nad Ludinou,Olomoucký kraj,12,48,883
518026,Sušice,Olomoucký kraj,10,42,308
519146,Tovačov,Olomoucký kraj,84,438,2490
519651,Troubky,Olomoucký kraj,52,196,2028
520047,Tučín,Olomoucký kraj,1,1,442
520306,Ústí,Olomoucký kraj,9,38,547
520420,Veselíčko,Olomoucký kraj,27,134,900
521531,Všechovice,Olomoucký kraj,20,75,881
522775,Zámrsky,Olomoucký kraj,9,45,237
523453,Žákovice,Olomoucký kraj,4,29,247
523640,Želatovice,Olomoucký kraj,21,79,545
523704,Šumperk,Olomoucký kraj,1450,6803,25067
523917,Bělá pod Pradědem,Olomoucký kraj,114,559,1719
524891,Bernartice,Olomoucký kraj,112,585,869
525227,Bílá Voda,Olomoucký kraj,40,203,332
525588,Bludov,Olomoucký kraj,109,421,3025
525804,Bohdíkov,Olomoucký kraj,36,192,1265
525880,Bohuslavice,Olomoucký kraj,9,47,500
525979,Bohutín,Olomoucký kraj,20,88,797
526169,Branná,Olomoucký kraj,31,164,276
526622,Rohozec,Středočeský kraj,5,15,315
528196,Podveky,Středočeský kraj,2,17,217
529303,Benešov,Středočeský kraj,782,4337,16951
529451,Bystřice,Středočeský kraj,162,987,4649
529478,Čakov,Středočeský kraj,3,29,128
529486,Čechtice,Středočeský kraj,49,219,1447
529516,Čerčany,Středočeský kraj,87,454,3108
529532,Červený Újezd,Středočeský kraj,15,74,346
529541,Český Šternberk,Středočeský kraj,10,45,179
529559,Dobrovítov,Středočeský kraj,8,43,126
529567,Čtyřkoly,Středočeský kraj,15,90,772
529575,Medonosy,Středočeský kraj,17,109,147
529583,Tupadly,Středočeský kraj,23,121,151
529591,Sedlec,Středočeský kraj,12,74,263
529605,Rokytá,Středočeský kraj,9,31,358
529613,Josefův Důl,Středočeský kraj,41,188,420
529621,Divišov,Středočeský kraj,66,434,1820
529630,Kostomlátky,Středočeský kraj,7,17,309
529648,Dolní Kralovice,Středočeský kraj,24,94,885
529656,Pětihosty,Středočeský kraj,7,34,254
529664,Těchařovice,Středočeský kraj,13,84,49
529672,Bezděkov pod Třemšínem,Středočeský kraj,2,13,157
529681,Koupě,Středočeský kraj,7,27,114
529699,Velká Chmelištná,Středočeský kraj,4,19,59
529702,Heřmaničky,Středočeský kraj,28,112,752
529711,Drahouš,Středočeský kraj,4,19,77
529737,Hulice,Středočeský kraj,20,90,278
529745,Hvězdonice,Středočeský kraj,8,43,342
529753,Dívčí Kopy,Jihočeský kraj,1,2,71
529761,Žďár,Jihočeský kraj,4,13,130
529770,Chlum,Středočeský kraj,1,3,124
529796,Chocerady,Středočeský kraj,59,271,1369
529818,Chotýšany,Středočeský kraj,15,81,661
529826,Čelistná,Kraj Vysočina,3,10,93
529834,Mezná,Kraj Vysočina,6,46,162
529842,Jankov,Středočeský kraj,23,127,920
529851,Javorník,Středočeský kraj,0,0,139
529869,Důl,Kraj Vysočina,3,4,55
529877,Okrouhlá,Jihočeský kraj,2,10,63
529893,Nicov,Jihočeský kraj,5,46,87
529907,Keblov,Středočeský kraj,3,10,184
529915,Vrbice,Jihočeský kraj,1,2,62
529931,Kondrac,Středočeský kraj,4,24,536
529940,Kozmice,Středočeský kraj,9,58,427
529958,Krhanice,Středočeský kraj,32,180,1091
529966,Buzice,Jihočeský kraj,7,35,170
529974,Krňany,Středočeský kraj,17,107,495
529982,Chlum,Jihočeský kraj,7,21,202
529991,Křečovice,Středočeský kraj,4,6,836
530000,Křivsoudov,Středočeský kraj,17,75,443
530018,Březí,Jihočeský kraj,5,22,64
530034,Stožice,Jihočeský kraj,10,49,454
530042,Katov,Jihočeský kraj,2,16,69
530051,Lešany,Středočeský kraj,32,115,920
530069,Libež,Středočeský kraj,15,88,260
530085,Bukovník,Plzeňský kraj,4,11,67
530093,Loket,Středočeský kraj,18,81,613
530107,Louňovice pod Blaníkem,Středočeský kraj,15,90,660
530115,Maršovice,Středočeský kraj,21,97,782
530131,Přestavlky,Plzeňský kraj,5,30,234
530140,Milínov,Plzeňský kraj,3,10,220
530158,Mezno,Středočeský kraj,10,35,381
530166,Miličín,Středočeský kraj,23,162,861
530174,Miřetice,Středočeský kraj,10,56,220
530182,Žákava,Plzeňský kraj,31,187,489
530191,Mnichovice,Středočeský kraj,5,9,229
530204,Mrač,Středočeský kraj,35,182,864
530212,Načeradec,Středočeský kraj,70,490,1108
530221,Hněvnice,Plzeňský kraj,12,61,127
530239,Bílov,Plzeňský kraj,8,72,83
530247,Potvorov,Plzeňský kraj,3,30,128
530263,Nespeky,Středočeský kraj,22,81,793
530271,Sedlec,Plzeňský kraj,36,219,113
530280,Vysoká Libyně,Plzeňský kraj,12,39,213
530298,Netvořice,Středočeský kraj,55,288,1186
530301,Neustupov,Středočeský kraj,35,215,550
530310,Neveklov,Středočeský kraj,87,448,2770
530328,Čerňovice,Plzeňský kraj,18,85,198
530336,Pláně,Plzeňský kraj,13,84,289
530344,Olbramovice,Středočeský kraj,22,109,1416
530352,Ostředek,Středočeský kraj,6,31,477
530361,Kařízek,Plzeňský kraj,2,24,52
530379,Drahoňův Újezd,Plzeňský kraj,6,19,126
530387,Radvanec,Liberecký kraj,1,1,264
530395,Janská,Ústecký kraj,27,162,213
530409,Petroupim,Středočeský kraj,9,59,372
530417,Doubice,Ústecký kraj,1,16,99
530425,Dalešice,Liberecký kraj,8,44,217
530433,Kunratice,Liberecký kraj,29,147,350
530441,Poříčí nad Sázavou,Středočeský kraj,43,238,1589
530450,Postupice,Středočeský kraj,49,331,1446
530468,Dlouhý Most,Liberecký kraj,29,191,1008
530476,Pravonín,Středočeský kraj,15,85,570
530484,Jeřmanice,Liberecký kraj,11,63,632
530492,Přestavlky u Čerčan,Středočeský kraj,8,19,433
530506,Miřejovice,Ústecký kraj,5,21,219
530514,Psáře,Středočeský kraj,3,14,143
530522,Rabyně,Středočeský kraj,17,64,290
530531,Radošovice,Středočeský kraj,10,32,405
530549,Rataje,Středočeský kraj,4,16,166
530557,Kozly,Ústecký kraj,12,64,137
530565,Želkovice,Ústecký kraj,4,17,95
530573,Sedlec-Prčice,Středočeský kraj,78,378,2943
530581,Čeradice,Ústecký kraj,32,194,315
530590,Libočany,Ústecký kraj,30,140,537
530603,Zálužice,Ústecký kraj,11,76,98
530611,Smilkov,Středočeský kraj,6,19,262
530620,Přestanov,Ústecký kraj,14,88,582
530638,Soběhrdy,Středočeský kraj,11,72,449
530646,Hurtova Lhota,Kraj Vysočina,5,11,250
530654,Vysoká,Kraj Vysočina,5,34,254
530689,Struhařov,Středočeský kraj,15,87,986
530697,Úherčice,Pardubický kraj,2,3,136
530701,Střezimíř,Středočeský kraj,9,39,324
530719,Studený,Středočeský kraj,3,5,97
530727,Brníčko,Olomoucký kraj,25,90,643
530735,Staré Hrady,Královéhradecký kraj,5,6,189
530743,Bílkovice,Středočeský kraj,2,8,211
530751,Tehov,Středočeský kraj,14,82,356
530760,Teplýšovice,Středočeský kraj,11,78,532
530778,Tichonice,Středočeský kraj,2,12,214
530786,Říkov,Královéhradecký kraj,2,9,241
530794,Trnávka,Pardubický kraj,12,54,226
530808,Královec,Královéhradecký kraj,22,104,196
530816,Trhový Štěpánov,Středočeský kraj,41,175,1477
530824,Velenov,Jihomoravský kraj,8,23,260
530832,Brambory,Středočeský kraj,2,23,113
530841,Týnec nad Sázavou,Středočeský kraj,207,995,5720
530859,Semtěš,Středočeský kraj,18,99,261
530867,Veliš,Středočeský kraj,13,58,349
530875,Starkoč,Středočeský kraj,6,74,152
530883,Vlašim,Středočeský kraj,511,2696,11453
530891,Vojkov,Středočeský kraj,19,77,473
530905,Votice,Středočeský kraj,245,1576,4686
530913,Vracovice,Středočeský kraj,5,22,398
530921,Vranov,Středočeský kraj,12,63,432
530930,Štipoklasy,Středočeský kraj,2,11,146
530948,Vrchotovy Janovice,Středočeský kraj,33,188,1031
530956,Opatovice I,Středočeský kraj,13,44,173
530964,Bludov,Středočeský kraj,3,4,24
530972,Třebětín,Středočeský kraj,4,28,114
530981,Třebešice,Středočeský kraj,30,142,312
530999,Močovice,Středočeský kraj,22,171,401
531006,Ludíkov,Jihomoravský kraj,9,69,342
531014,Vodranty,Středočeský kraj,1,7,78
531022,Zdislavice,Středočeský kraj,6,35,507
531031,Kamberk,Středočeský kraj,3,14,166
531049,Zvěstov,Středočeský kraj,26,140,406
531057,Beroun,Středočeský kraj,1080,5332,21120
531065,Souňov,Středočeský kraj,2,14,155
531073,Běštín,Středočeský kraj,14,69,340
531081,Broumy,Středočeský kraj,29,150,987
531090,Březová,Středočeský kraj,6,31,338
531103,Bubovice,Středočeský kraj,6,30,586
531111,Bernardov,Středočeský kraj,6,58,171
531120,Bzová,Středočeský kraj,15,52,458
531138,Cerhovice,Středočeský kraj,34,144,1220
531146,Drahelčice,Středočeský kraj,58,314,1542
531154,Drozdov,Středočeský kraj,16,65,787
531162,Felbabka,Středočeský kraj,5,30,289
531171,Hlásná Třebaň,Středočeský kraj,25,97,1207
531189,Hořovice,Středočeský kraj,358,1887,7803
531197,Hlízov,Středočeský kraj,13,57,637
531201,Hostomice,Středočeský kraj,65,269,1900
531219,Hředle,Středočeský kraj,9,33,410
531227,Hudlice,Středočeský kraj,35,178,1252
531235,Hvozdec,Středočeský kraj,7,32,262
531243,Hýskov,Středočeský kraj,67,396,2197
531251,Chaloupky,Středočeský kraj,19,69,512
531260,Dolní Pohleď,Středočeský kraj,1,7,127
531278,Paběnice,Středočeský kraj,12,122,221
531286,Bratčice,Středočeský kraj,7,56,392
531294,Chyňava,Středočeský kraj,92,477,1884
531308,Jivina,Středočeský kraj,4,39,206
531316,Karlštejn,Středočeský kraj,35,177,826
531324,Komárov,Středočeský kraj,97,500,2436
531332,Koněprusy,Středočeský kraj,5,27,260
531341,Drobovice,Středočeský kraj,12,42,395
531359,Horky,Středočeský kraj,24,218,393
531367,Adamov,Středočeský kraj,5,26,140
531375,Kublov,Středočeský kraj,19,88,670
531383,Schořov,Středočeský kraj,2,4,82
531391,Sudějov,Středočeský kraj,5,9,82
531405,Kobylnice,Středočeský kraj,11,131,214
531413,Hraběšín,Středočeský kraj,7,54,112
531421,Šebestěnice,Středočeský kraj,1,1,78
531430,Horka I,Středočeský kraj,10,68,393
531448,Libomyšl,Středočeský kraj,28,156,629
531456,Liteň,Středočeský kraj,60,385,1235
531464,Loděnice,Středočeský kraj,81,446,2110
531472,Lochovice,Středočeský kraj,81,447,1358
531481,Horušice,Středočeský kraj,8,26,161
531499,Hostín,Středočeský kraj,13,82,314
531502,Liblice,Středočeský kraj,24,153,500
531511,Zlončice,Středočeský kraj,25,119,582
531529,Měňany,Středočeský kraj,10,41,309
531537,Mezouň,Středočeský kraj,4,13,589
531545,Mořina,Středočeský kraj,32,165,925
531553,Konětopy,Středočeský kraj,13,72,331
531561,Tuhaň,Středočeský kraj,36,245,823
531570,Dobřeň,Středočeský kraj,16,101,170
531588,Neumětely,Středočeský kraj,18,99,610
531596,Nižbor,Středočeský kraj,98,414,2144
531600,Nový Jáchymov,Středočeský kraj,15,50,740
531618,Nučice,Středočeský kraj,48,166,2400
531626,Olešná,Středočeský kraj,15,72,466
531634,Osek,Středočeský kraj,20,82,861
531642,Osov,Středočeský kraj,13,107,324
531651,Kanina,Středočeský kraj,11,57,105
531669,Otročiněves,Středočeský kraj,27,150,518
531677,Lobeč,Středočeský kraj,10,65,174
531685,Podluhy,Středočeský kraj,23,159,674
531693,Praskolesy,Středočeský kraj,37,190,914
531707,Nosálov,Středočeský kraj,6,21,189
531715,Rpety,Středočeský kraj,17,105,484
531723,Rudná,Středočeský kraj,145,763,5352
531731,Stránka,Středočeský kraj,16,111,204
531740,Skuhrov,Středočeský kraj,11,31,593
531758,Srbsko,Středočeský kraj,17,71,564
531766,Stašov,Středočeský kraj,12,54,475
531774,Kadlín,Středočeský kraj,16,93,143
531782,Suchomasty,Středočeský kraj,32,156,534
531791,Svatá,Středočeský kraj,10,50,544
531804,Svatý Jan pod Skalou,Středočeský kraj,4,23,199
531812,Svinaře,Středočeský kraj,27,151,938
531821,Tachlovice,Středočeský kraj,25,87,950
531839,Tetín,Středočeský kraj,44,232,884
531847,Tlustice,Středočeský kraj,26,107,1184
531855,Tmaň,Středočeský kraj,51,229,1258
531863,Nedomice,Středočeský kraj,6,38,321
531871,Jeviněves,Středočeský kraj,10,60,262
531880,Trubská,Středočeský kraj,1,11,199
531898,Lhotka,Středočeský kraj,3,16,322
531901,Újezd,Středočeský kraj,11,82,685
531910,Velký Chlumec,Středočeský kraj,18,128,417
531928,Hostín u Vojkovic,Středočeský kraj,18,90,372
531936,Vidim,Středočeský kraj,11,61,128
531944,Vráž,Středočeský kraj,34,178,1249
531952,Všeradice,Středočeský kraj,10,56,485
531961,Vysoký Újezd,Středočeský kraj,21,131,1738
531979,Zadní Třebaň,Středočeský kraj,22,113,990
531987,Dolní Zimoř,Středočeský kraj,6,31,102
531995,Zaječov,Středočeský kraj,45,253,1466
532002,Záluží,Středočeský kraj,17,85,506
532011,Zdice,Středočeský kraj,189,935,4118
532029,Žebrák,Středočeský kraj,68,313,2220
532037,Chrášťany,Středočeský kraj,7,56,250
532045,Chlístov,Středočeský kraj,12,62,467
532053,Kladno,Středočeský kraj,5620,27931,68851
532061,Václavice,Středočeský kraj,20,132,630
532070,Běloky,Středočeský kraj,2,5,188
532088,Beřovice,Středočeský kraj,25,101,387
532096,Borovnice,Středočeský kraj,2,13,88
532100,Blevice,Středočeský kraj,11,61,283
532118,Brandýsek,Středočeský kraj,64,237,2246
532126,Braškov,Středočeský kraj,27,113,1134
532134,Ješetice,Středočeský kraj,5,40,128
532142,Bratronice,Středočeský kraj,49,216,969
532151,Drahňovice,Středočeský kraj,2,21,114
532169,Buštěhrad,Středočeský kraj,128,830,3949
532177,Tuřany,Středočeský kraj,19,104,693
532185,Cvrčovice,Středočeský kraj,34,176,774
532193,Lštění,Středočeský kraj,23,111,488
532207,Černuc,Středočeský kraj,93,451,1004
532215,Červený Újezd,Středočeský kraj,41,213,1636
532223,Doksy,Středočeský kraj,41,206,1735
532231,Slověnice,Středočeský kraj,1,14,45
532266,Všechlapy,Středočeský kraj,2,31,115
532274,Družec,Středočeský kraj,24,155,1071
532282,Dřetovice,Středočeský kraj,29,168,453
532291,Dřínov,Středočeský kraj,27,136,353
532304,Třebešice,Středočeský kraj,5,44,116
532312,Horní Bezděkov,Středočeský kraj,8,14,740
532321,Hořešovice,Středočeský kraj,12,63,273
532339,Hospozín,Středočeský kraj,56,357,556
532347,Hostouň,Středočeský kraj,44,223,1540
532355,Hradečno,Středočeský kraj,14,90,524
532363,Hrdlív,Středočeský kraj,12,57,518
532371,Hřebeč,Středočeský kraj,83,447,2168
532398,Chržín,Středočeský kraj,22,98,325
532401,Jarpice,Středočeský kraj,17,45,309
532410,Jedomělice,Středočeský kraj,21,141,435
532428,Jemníky,Středočeský kraj,10,43,283
532444,Kačice,Středočeský kraj,63,282,1246
532452,Kamenné Žehrovice,Středočeský kraj,56,290,1657
532461,Klobuky,Středočeský kraj,99,522,1040
532479,Kmetiněves,Středočeský kraj,28,122,303
532487,Knovíz,Středočeský kraj,16,77,578
532495,Koleč,Středočeský kraj,37,198,603
532509,Šetějovice,Středočeský kraj,2,8,67
532517,Kvílice,Středočeský kraj,9,24,89
532525,Kyšice,Středočeský kraj,16,57,612
532533,Ledce,Středočeský kraj,15,69,480
532541,Tomice,Středočeský kraj,2,13,125
532550,Ratměřice,Středočeský kraj,5,17,312
532568,Bernartice,Středočeský kraj,3,32,227
532576,Libušín,Středočeský kraj,362,1843,3586
532584,Lidice,Středočeský kraj,17,80,566
532592,Tisem,Středočeský kraj,10,60,219
532606,Choratice,Středočeský kraj,1,7,65
532614,Vodslivy,Středočeský kraj,6,20,98
532622,Makotřasy,Středočeský kraj,21,140,535
532631,Malé Kyšice,Středočeský kraj,13,69,560
532649,Popovice,Středočeský kraj,9,42,289
532657,Malíkovice,Středočeský kraj,21,90,389
532665,Neuměřice,Středočeský kraj,26,134,428
532673,Olovnice,Středočeský kraj,24,94,572
532681,Otvovice,Středočeský kraj,51,223,811
532690,Ctiboř,Středočeský kraj,5,6,166
532711,Pavlov,Středočeský kraj,14,25,214
532720,Pchery,Středočeský kraj,81,335,2031
532738,Pletený Újezd,Středočeský kraj,19,112,676
532746,Děkanovice,Středočeský kraj,1,4,59
532754,Podlešín,Středočeský kraj,14,76,330
532762,Pozdeň,Středočeský kraj,28,134,453
532771,Přelíc,Středočeský kraj,14,58,390
532789,Ptice,Středočeský kraj,18,119,1019
532797,Řisuty,Středočeský kraj,19,87,406
532801,Sazená,Středočeský kraj,19,121,353
532819,Slaný,Středočeský kraj,1096,5927,16690
532827,Slatina,Středočeský kraj,18,88,650
532835,Smečno,Středočeský kraj,147,745,1983
532851,Stehelčeves,Středočeský kraj,39,168,1146
532860,Stochov,Středočeský kraj,440,2324,5346
532878,Chleby,Středočeský kraj,1,1,46
532886,Chářovice,Středočeský kraj,3,7,219
532894,Bušín,Olomoucký kraj,7,28,382
532908,Svinařov,Středočeský kraj,45,247,745
532916,Šlapanice,Středočeský kraj,18,104,197
532924,Bukovany,Středočeský kraj,46,219,829
532932,Hradiště,Středočeský kraj,1,3,28
532941,Řimovice,Středočeský kraj,4,10,239
532959,Třebichovice,Středočeský kraj,47,195,584
532967,Třebíz,Středočeský kraj,7,38,242
532975,Třebusice,Středočeský kraj,28,123,480
532983,Tuchlovice,Středočeský kraj,99,482,2779
532991,Úhonice,Středočeský kraj,33,214,1222
533009,Uhy,Středočeský kraj,19,154,402
533017,Unhošť,Středočeský kraj,154,692,5135
533025,Velká Dobrá,Středočeský kraj,39,200,1808
533033,Velké Přítočno,Středočeský kraj,21,98,1076
533041,Velvary,Středočeský kraj,117,621,3028
533050,Vinařice,Středočeský kraj,94,466,2108
533068,Vraný,Středočeský kraj,46,255,811
533076,Pavlovice,Středočeský kraj,3,15,274
533084,Kladruby,Středočeský kraj,6,18,277
533092,Zákolany,Středočeský kraj,32,188,634
533106,Trubín,Středočeský kraj,16,108,564
533114,Zlonice,Středočeský kraj,232,1251,2305
533122,Zvoleněves,Středočeský kraj,58,326,921
533149,Žilina,Středočeský kraj,33,157,845
533157,Žižice,Středočeský kraj,33,159,765
533165,Kolín,Středočeský kraj,2239,11850,33297
533173,Barchovice,Středočeský kraj,14,52,262
533181,Bečváry,Středočeský kraj,38,203,1054
533190,Bělušice,Středočeský kraj,12,65,312
533203,Králův Dvůr,Středočeský kraj,517,2690,10578
533211,Břežany I,Středočeský kraj,22,164,311
533220,Břežany II,Středočeský kraj,51,287,949
533238,Býchory,Středočeský kraj,17,78,672
533246,Cerhenice,Středočeský kraj,104,584,1890
533254,Černé Voděrady,Středočeský kraj,16,50,375
533262,Červené Pečky,Středočeský kraj,70,382,2040
533271,Český Brod,Středočeský kraj,404,1987,7400
533289,Dobřichov,Středočeský kraj,23,128,777
533297,Dolní Chvatliny,Středočeský kraj,24,123,505
533301,Doubravčice,Středočeský kraj,32,176,1321
533319,Malá Víska,Středočeský kraj,2,3,107
533327,Horní Kruty,Středočeský kraj,31,182,512
533335,Lhotka,Středočeský kraj,6,27,368
533343,Chotutice,Středočeský kraj,26,169,466
533351,Chrášťany,Středočeský kraj,49,255,765
533360,Jestřabí Lhota,Středočeský kraj,7,31,547
533378,Jevany,Středočeský kraj,22,106,859
533386,Klučov,Středočeský kraj,54,253,1125
533394,Konárovice,Středočeský kraj,18,69,993
533408,Kořenice,Středočeský kraj,38,253,622
533416,Kostelec nad Černými lesy,Středočeský kraj,148,717,4179
533424,Kouřim,Středočeský kraj,110,521,1990
533432,Kozojedy,Středočeský kraj,25,112,982
533441,Krakovany,Středočeský kraj,19,106,934
533459,Krupá,Středočeský kraj,17,96,408
533467,Křečhoř,Středočeský kraj,28,92,573
533475,Libenice,Středočeský kraj,20,80,310
533483,Libodřice,Středočeský kraj,14,52,351
533491,Černá Voda,Olomoucký kraj,28,167,543
533505,Lošany,Středočeský kraj,16,78,313
533513,Malotice,Středočeský kraj,8,23,365
533521,Nebovidy,Středočeský kraj,20,105,764
533530,Nová Ves I,Středočeský kraj,95,473,1398
533548,Nučice,Středočeský kraj,14,76,384
533556,Ohaře,Středočeský kraj,11,75,312
533564,Oleška,Středočeský kraj,43,208,975
533572,Ovčáry,Středočeský kraj,42,238,885
533581,Plaňany,Středočeský kraj,180,954,1928
533599,Polepy,Středočeský kraj,20,94,648
533602,Nenačovice,Středočeský kraj,3,4,303
533611,Přišimasy,Středočeský kraj,40,221,895
533629,Radim,Středočeský kraj,53,248,1206
533637,Radovesnice I,Středočeský kraj,10,83,368
533645,Radovesnice II,Středočeský kraj,19,85,510
533653,Ratboř,Středočeský kraj,18,102,566
533661,Rostoklaty,Středočeský kraj,34,185,629
533670,Chrustenice,Středočeský kraj,28,191,1071
533688,Dlouhomilov,Olomoucký kraj,22,118,481
533696,Skvrňov,Středočeský kraj,9,36,223
533700,Starý Kolín,Středočeský kraj,62,304,1756
533718,Stříbrná Skalice,Středočeský kraj,78,402,1594
533726,Svojšice,Středočeský kraj,34,182,497
533734,Tismice,Středočeský kraj,42,209,571
533742,Toušice,Středočeský kraj,9,39,361
533751,Třebovle,Středočeský kraj,24,99,574
533769,Tři Dvory,Středočeský kraj,30,179,994
533777,Tuchoraz,Středočeský kraj,29,103,734
533785,Tuklaty,Středočeský kraj,36,196,1085
533793,Korno,Středočeský kraj,2,4,122
533807,Týnec nad Labem,Středočeský kraj,125,635,2185
533815,Uhlířská Lhota,Středočeský kraj,10,33,349
533823,Veletov,Středočeský kraj,7,44,250
533831,Velim,Středočeský kraj,82,416,2239
533840,Velký Osek,Středočeský kraj,119,655,2599
533858,Veltruby,Středočeský kraj,48,247,1455
533866,Vitice,Středočeský kraj,91,383,1172
533874,Vlkančice,Středočeský kraj,7,22,210
533882,Volárna,Středočeský kraj,20,137,547
533891,Vrbčany,Středočeský kraj,36,181,415
533904,Vyžlovka,Středočeský kraj,17,110,788
533912,Mořinka,Středočeský kraj,7,22,166
533921,Zásmuky,Středočeský kraj,112,536,2116
533939,Lážovice,Středočeský kraj,4,17,116
533947,Žiželice,Středočeský kraj,101,424,1758
533955,Kutná Hora,Středočeský kraj,1472,8120,21511
533963,Skřipel,Středočeský kraj,2,18,140
533971,Bílé Podolí,Středočeský kraj,26,128,604
533980,Bohdaneč,Středočeský kraj,13,37,443
533998,Církvice,Středočeský kraj,30,202,1338
534005,Čáslav,Středočeský kraj,564,3248,10554
534013,Černíny,Středočeský kraj,15,60,407
534021,Červené Janovice,Středočeský kraj,18,93,656
534030,Čestín,Středočeský kraj,21,119,463
534048,Vižina,Středočeský kraj,5,17,275
534056,Horka II,Středočeský kraj,3,14,402
534064,Hostovlice,Středočeský kraj,18,101,242
534072,Kotopeky,Středočeský kraj,13,103,305
534081,Chabeřice,Středočeský kraj,13,77,279
534099,Chlístovice,Středočeský kraj,23,124,770
534102,Chotusice,Středočeský kraj,40,258,788
534111,Otmíče,Středočeský kraj,4,17,185
534129,Kácov,Středočeský kraj,16,72,805
534137,Kluky,Středočeský kraj,14,57,534
534145,Bykoš,Středočeský kraj,7,49,247
534153,Krchleby,Středočeský kraj,18,89,415
534161,Křesetice,Středočeský kraj,21,116,749
534170,Ledečko,Středočeský kraj,5,15,232
534188,Malešov,Středočeský kraj,30,153,1035
534196,Svatý Mikuláš,Středočeský kraj,27,111,959
534200,Miskovice,Středočeský kraj,44,209,1149
534218,Málkov,Středočeský kraj,6,40,109
534226,Nepoměřice,Středočeský kraj,8,56,223
534234,Vinařice,Středočeský kraj,2,9,110
534242,Nové Dvory,Středočeský kraj,64,317,917
534251,Okřesaneč,Středočeský kraj,9,58,210
534269,Nesvačily,Středočeský kraj,5,17,181
534277,Onomyšl,Středočeský kraj,24,111,334
534285,Podbrdy,Středočeský kraj,5,14,244
534293,Soběšín,Středočeský kraj,18,108,169
534307,Pertoltice,Středočeský kraj,5,12,159
534315,Petrovice I,Středočeský kraj,7,55,313
534323,Petrovice II,Středočeský kraj,2,27,156
534331,Potěhy,Středočeský kraj,34,240,655
534340,Rašovice,Středočeský kraj,39,224,413
534358,Rataje nad Sázavou,Středočeský kraj,34,157,553
534366,Řendějov,Středočeský kraj,6,32,238
534374,Samopše,Středočeský kraj,8,32,187
534382,Sázava,Středočeský kraj,203,1087,3872
534391,Slavošov,Středočeský kraj,9,92,143
534404,Lužce,Středočeský kraj,3,15,141
534412,Staňkovice,Středočeský kraj,3,16,274
534421,Bavoryně,Středočeský kraj,14,58,429
534439,Suchdol,Středočeský kraj,52,311,1129
534447,Chodouň,Středočeský kraj,30,143,721
534455,Chlustina,Středočeský kraj,7,49,266
534463,Točník,Středočeský kraj,10,15,260
534471,Záhornice,Středočeský kraj,23,116,418
534480,Tupadly,Středočeský kraj,17,127,689
534498,Uhlířské Janovice,Středočeský kraj,140,697,3146
534501,Úmonín,Středočeský kraj,16,77,522
534510,Úžice,Středočeský kraj,21,84,699
534528,Vavřinec,Středočeský kraj,15,48,581
534536,Vidice,Středočeský kraj,8,34,288
534544,Vinaře,Středočeský kraj,12,96,261
534552,Vlačice,Středočeský kraj,24,121,253
534561,Vlastějovice,Středočeský kraj,7,51,464
534579,Vlkaneč,Středočeský kraj,11,45,625
534587,Vrdy,Středočeský kraj,199,1249,3160
534595,Záboří nad Labem,Středočeský kraj,23,157,829
534609,Zbizuby,Středočeský kraj,11,47,498
534617,Zbraslavice,Středočeský kraj,47,247,1402
534625,Zbýšov,Středočeský kraj,35,234,618
534633,Zruč nad Sázavou,Středočeský kraj,259,1378,4749
534641,Žáky,Středočeský kraj,9,53,391
534650,Žehušice,Středočeský kraj,19,97,879
534668,Žleby,Středočeský kraj,99,634,1404
534676,Mělník,Středočeský kraj,1046,5711,20276
534684,Borek,Středočeský kraj,8,47,318
534692,Újezd u Boskovic,Jihomoravský kraj,8,36,457
534706,Chroustov,Středočeský kraj,13,67,191
534714,Býkev,Středočeský kraj,25,112,579
534722,Byšice,Středočeský kraj,72,365,1428
534731,Cítov,Středočeský kraj,56,256,1291
534749,Čečelice,Středočeský kraj,24,130,693
534757,Seletice,Středočeský kraj,10,52,217
534765,Dolní Beřkovice,Středočeský kraj,118,575,1604
534773,Dřínov,Středočeský kraj,20,148,512
534781,Dřísy,Středočeský kraj,39,178,1071
534790,Horní Počaply,Středočeský kraj,63,317,1272
534803,Hořín,Středočeský kraj,53,287,945
534811,Podhradí,Zlínský kraj,5,12,196
534820,Chlumín,Středočeský kraj,35,196,490
534838,Chorušice,Středočeský kraj,38,172,564
534846,Chvatěruby,Středočeský kraj,22,98,569
534854,Hořany,Středočeský kraj,3,19,169
534862,Zvěřínek,Středočeský kraj,11,50,325
534871,Velenka,Středočeský kraj,10,37,349
534889,Starý Vestec,Středočeský kraj,5,12,224
534897,Kly,Středočeský kraj,56,349,1723
534901,Kokořín,Středočeský kraj,24,107,388
534919,Netřebice,Středočeský kraj,5,14,244
534927,Dubicko,Olomoucký kraj,23,77,1126
534935,Kostelec nad Labem,Středočeský kraj,198,1024,4307
534943,Kouty,Středočeský kraj,3,21,328
534951,Kralupy nad Vltavou,Středočeský kraj,1090,5564,18829
534960,Křenek,Středočeský kraj,9,27,326
534978,Ledčice,Středočeský kraj,45,267,723
534986,Lhota,Středočeský kraj,12,38,498
534994,Choťovice,Středočeský kraj,8,38,236
535001,Liběchov,Středočeský kraj,90,501,1086
535010,Běleč,Středočeský kraj,20,117,314
535028,Lužec nad Vltavou,Středočeský kraj,90,380,1520
535036,Malý Újezd,Středočeský kraj,38,217,1147
535044,Mělnické Vtelno,Středočeský kraj,80,412,994
535052,Mšeno,Středočeský kraj,69,363,1414
535061,Nebužely,Středočeský kraj,39,214,414
535079,Nelahozeves,Středočeský kraj,68,331,2207
535087,Neratovice,Středočeský kraj,1260,6508,16218
535095,Loucká,Středočeský kraj,10,62,143
535109,Královice,Středočeský kraj,16,88,273
535117,Nová Ves,Středočeský kraj,43,225,1052
535125,Bílichov,Středočeský kraj,8,26,209
535133,Obříství,Středočeský kraj,68,295,1686
535141,Ovčáry,Středočeský kraj,23,70,524
535150,Hořešovičky,Středočeský kraj,9,39,131
535168,Řepín,Středočeský kraj,36,211,721
535176,Planá,Jihočeský kraj,20,129,264
535184,Tichov,Zlínský kraj,9,22,358
535192,Spomyšl,Středočeský kraj,95,735,571
535206,Dobrá Voda u Českých Budějovic,Jihočeský kraj,87,425,2670
535214,Střemy,Středočeský kraj,37,227,476
535222,Tišice,Středočeský kraj,87,423,2518
535231,Ostrolovský Újezd,Jihočeský kraj,3,20,176
535249,Dasný,Jihočeský kraj,7,40,348
535257,Úžice,Středočeský kraj,37,145,1117
535265,Velký Borek,Středočeský kraj,44,204,1200
535273,Veltrusy,Středočeský kraj,39,201,2289
535281,Mydlovary,Jihočeský kraj,8,65,306
535290,Vojkovice,Středočeský kraj,55,256,1028
535303,Vraňany,Středočeský kraj,84,471,1001
535311,Všestudy,Středočeský kraj,15,42,432
535320,Všetaty,Středočeský kraj,122,676,2430
535338,Vysoká,Středočeský kraj,60,294,921
535346,Plav,Jihočeský kraj,7,13,441
535354,Zálezlice,Středočeský kraj,25,107,444
535362,Záryby,Středočeský kraj,34,178,1106
535371,Nákří,Jihočeský kraj,4,27,213
535389,Zlosyň,Středočeský kraj,20,96,498
535397,Želízy,Středočeský kraj,46,255,517
535401,Bošilec,Jihočeský kraj,4,26,210
535419,Mladá Boleslav,Středočeský kraj,2810,10728,45859
535427,Bakov nad Jizerou,Středočeský kraj,201,1053,5284
535435,Neplachov,Jihočeský kraj,7,40,373
535443,Bělá pod Bezdězem,Středočeský kraj,247,1127,4852
535451,Benátky nad Jizerou,Středočeský kraj,491,2198,7825
535460,Hradce,Jihočeský kraj,1,8,107
535478,Bezno,Středočeský kraj,89,501,1005
535486,Bítouchov,Středočeský kraj,16,89,415
535494,Úsilné,Jihočeský kraj,8,58,501
535508,Boreč,Středočeský kraj,47,272,284
535516,Boseň,Středočeský kraj,21,110,528
535524,Hosty,Jihočeský kraj,3,12,167
535532,Hanušovice,Olomoucký kraj,316,1658,2931
535541,Čakov,Jihočeský kraj,3,18,293
535559,Brodce,Středočeský kraj,47,240,1110
535567,Březina,Středočeský kraj,10,71,435
535575,Habří,Jihočeský kraj,3,14,119
535583,Březno,Středočeský kraj,16,58,1064
535591,Zvíkov,Jihočeský kraj,8,57,263
535605,Bukovno,Středočeský kraj,35,138,788
535613,Hvozdec,Jihočeský kraj,7,70,139
535621,Čachovice,Středočeský kraj,43,219,894
535630,Čistá,Středočeský kraj,21,144,875
535648,Nová Ves,Jihočeský kraj,12,62,789
535656,Dlouhá Lhota,Středočeský kraj,10,33,492
535664,Doubravice,Jihočeský kraj,1,8,315
535672,Dobrovice,Středočeský kraj,108,525,3661
535681,Borovnice,Jihočeský kraj,2,8,156
535699,Petříkov,Jihočeský kraj,5,23,302
535702,Dolní Bousov,Středočeský kraj,116,541,2942
535711,Dolní Krupá,Středočeský kraj,25,147,242
535729,Dolní Slivno,Středočeský kraj,11,39,382
535737,Vidov,Jihočeský kraj,14,93,595
535745,Domousnice,Středočeský kraj,11,54,312
535753,Hůry,Jihočeský kraj,10,84,606
535761,Jivno,Jihočeský kraj,20,128,430
535770,Horní Studénky,Olomoucký kraj,7,28,354
535788,Dubičné,Jihočeský kraj,2,13,409
535796,Vráto,Jihočeský kraj,21,125,487
535800,Libníč,Jihočeský kraj,14,103,570
535818,Horky nad Jizerou,Středočeský kraj,33,145,613
535826,Adamov,Jihočeský kraj,16,94,1030
535834,Horní Bukovina,Středočeský kraj,9,33,257
535842,Mokrý Lom,Jihočeský kraj,2,19,115
535851,Hlavatce,Jihočeský kraj,2,20,146
535869,Hrdlořezy,Středočeský kraj,24,95,746
535877,Komařice,Jihočeský kraj,8,47,370
535885,Hoštejn,Olomoucký kraj,23,121,453
535893,Vitín,Jihočeský kraj,14,72,479
535907,Chotýčany,Jihočeský kraj,10,74,255
535915,Vlkov,Jihočeský kraj,3,23,46
535923,Chocnějovice,Středočeský kraj,11,80,428
535931,Chotětov,Středočeský kraj,105,613,1462
535940,Mazelov,Jihočeský kraj,15,127,238
535958,Drahotěšice,Jihočeský kraj,15,96,329
535966,Jabkenice,Středočeský kraj,7,43,482
535974,Jivina,Středočeský kraj,19,100,481
535982,Kamenná,Jihočeský kraj,28,173,332
535991,Pištín,Jihočeský kraj,10,54,661
536008,Katusice,Středočeský kraj,39,213,836
536016,Zahájí,Jihočeský kraj,8,50,468
536024,Klášter Hradiště nad Jizerou,Středočeský kraj,48,215,1006
536032,Strýčice,Jihočeský kraj,2,8,56
536041,Kněžmost,Středočeský kraj,36,162,2364
536059,Břehov,Jihočeský kraj,3,16,169
536067,Kochánky,Středočeský kraj,17,79,506
536075,Hartmanice,Jihočeský kraj,9,63,192
536083,Velenice,Středočeský kraj,6,25,215
536091,Hrabišín,Olomoucký kraj,33,186,859
536105,Horní Kněžeklady,Jihočeský kraj,1,2,110
536113,Hynčina,Olomoucký kraj,17,100,198
536121,Kosořice,Středočeský kraj,16,81,524
536130,Kostelní Hlavno,Středočeský kraj,9,58,519
536148,Javorník,Olomoucký kraj,278,1533,2582
536164,Krásná Ves,Středočeský kraj,11,38,190
536172,Krnsko,Středočeský kraj,20,108,596
536181,Kropáčova Vrutice,Středočeský kraj,57,281,948
536199,Dobšice,Jihočeský kraj,16,91,118
536202,Ledce,Středočeský kraj,5,18,415
536211,Lhotky,Středočeský kraj,9,46,162
536229,Chlumec,Jihočeský kraj,5,5,104
536237,Zvíkov,Jihočeský kraj,6,39,97
536245,Srnín,Jihočeský kraj,10,23,352
536253,Bohdalovice,Jihočeský kraj,33,131,295
536261,Loukovec,Středočeský kraj,21,90,368
536270,Luštěnice,Středočeský kraj,96,443,2243
536288,Jedlí,Olomoucký kraj,17,81,672
536296,Malšín,Jihočeský kraj,11,34,164
536300,Věžovatá Pláně,Jihočeský kraj,5,13,164
536326,Mnichovo Hradiště,Středočeský kraj,372,1798,8941
536334,Němčice,Středočeský kraj,11,58,188
536342,Krajníčko,Jihočeský kraj,0,0,97
536351,Nepřevázka,Středočeský kraj,7,24,424
536369,Hornosín,Jihočeský kraj,1,7,68
536377,Nová Telib,Středočeský kraj,5,9,322
536385,Jeseník,Olomoucký kraj,805,3814,10664
536393,Jestřebí,Olomoucký kraj,26,143,673
536407,Obruby,Středočeský kraj,1,11,251
536415,Měkynec,Jihočeský kraj,2,7,47
536423,Radějovice,Jihočeský kraj,3,7,43
536431,Petkovy,Středočeský kraj,7,71,343
536440,Písková Lhota,Středočeský kraj,19,101,1103
536458,Plazy,Středočeský kraj,19,65,509
536466,Mačkov,Jihočeský kraj,11,45,292
536474,Němčice,Jihočeský kraj,6,20,107
536482,Zahorčice,Jihočeský kraj,2,27,53
536491,Předměřice nad Jizerou,Středočeský kraj,21,93,1038
536504,Vacovice,Jihočeský kraj,2,6,52
536512,Truskovice,Jihočeský kraj,7,28,204
536521,Jindřichov,Olomoucký kraj,121,657,1096
536547,Přechovice,Jihočeský kraj,10,44,146
536555,Krty-Hradec,Jihočeský kraj,3,28,131
536563,Mnichov,Jihočeský kraj,10,41,248
536571,Kamenná,Olomoucký kraj,32,181,498
536580,Řepov,Středočeský kraj,25,93,778
536598,Tchořovice,Jihočeský kraj,6,33,241
536601,Kocelovice,Jihočeský kraj,6,31,161
536610,Semčice,Středočeský kraj,21,80,755
536628,Hlupín,Jihočeský kraj,1,1,91
536636,Skalsko,Středočeský kraj,16,81,386
536644,Nebřehovice,Jihočeský kraj,4,15,174
536652,Smilovice,Středočeský kraj,23,84,776
536661,Sojovice,Středočeský kraj,15,37,581
536687,Klopina,Olomoucký kraj,16,78,613
536695,Úlehle,Jihočeský kraj,5,67,98
536709,Strašnov,Středočeský kraj,6,23,303
536717,Strenice,Středočeský kraj,13,70,195
536725,Němětice,Jihočeský kraj,1,16,125
536733,Kolšov,Olomoucký kraj,10,72,724
536741,Velká Turná,Jihočeský kraj,11,59,169
536750,Kváskovice,Jihočeský kraj,6,46,122
536768,Sukorady,Středočeský kraj,12,73,397
536776,Slaník,Jihočeský kraj,5,22,153
536784,Strunkovice nad Volyňkou,Jihočeský kraj,3,12,133
536792,Přední Zborovice,Jihočeský kraj,2,19,91
536806,Krašlovice,Jihočeský kraj,12,74,189
536814,Kosov,Olomoucký kraj,7,38,318
536822,Lom,Jihočeský kraj,8,66,117
536849,Řepice,Jihočeský kraj,21,108,460
536857,Velké Všelisy,Středočeský kraj,27,106,400
536865,Rovná,Jihočeský kraj,13,40,234
536873,Zvotoky,Jihočeský kraj,2,16,61
536881,Horní Poříčí,Jihočeský kraj,10,37,303
536890,Uzeničky,Jihočeský kraj,3,14,115
536903,Chobot,Jihočeský kraj,1,4,39
536911,Pohorovice,Jihočeský kraj,11,68,82
536920,Štěchovice,Jihočeský kraj,5,20,193
536938,Všejany,Středočeský kraj,20,90,699
536946,Kalenice,Jihočeský kraj,4,8,83
536962,Nišovice,Jihočeský kraj,11,59,245
536971,Žďár,Středočeský kraj,27,146,1538
536989,Žerčice,Středočeský kraj,11,58,409
536997,Židněves,Středočeský kraj,10,37,428
537004,Nymburk,Středočeský kraj,810,4117,15511
537021,Běrunice,Středočeský kraj,30,147,863
537039,Bobnice,Středočeský kraj,30,120,871
537047,Bříství,Středočeský kraj,11,33,393
537055,Budiměřice,Středočeský kraj,34,143,664
537063,Bratronice,Jihočeský kraj,1,3,67
537071,Lipovice,Jihočeský kraj,11,80,228
537080,Činěves,Středočeský kraj,42,305,513
537098,Dlouhopolsko,Středočeský kraj,10,77,241
537101,Dobšice,Středočeský kraj,16,68,253
537110,Dvory,Středočeský kraj,20,115,589
537128,Dymokury,Středočeský kraj,74,387,911
537144,Dvory,Jihočeský kraj,1,3,102
537152,Hořátev,Středočeský kraj,21,110,803
537161,Hradčany,Středočeský kraj,9,53,280
537179,Hradištko,Středočeský kraj,22,96,805
537195,Zábrdí,Jihočeský kraj,5,17,65
537209,Žernovice,Jihočeský kraj,5,46,337
537217,Choťánky,Středočeský kraj,15,77,442
537225,Chotěšice,Středočeský kraj,17,71,328
537233,Chrást,Středočeský kraj,12,82,533
537241,Babice,Jihočeský kraj,3,78,154
537250,Jíkev,Středočeský kraj,12,46,350
537268,Jizbice,Středočeský kraj,12,31,389
537276,Kamenné Zboží,Středočeský kraj,25,96,512
537284,Lesnice,Olomoucký kraj,7,43,636
537292,Kněžice,Středočeský kraj,19,88,552
537306,Kolaje,Středočeský kraj,5,20,85
537314,Kostelní Lhota,Středočeský kraj,37,99,918
537322,Lužice,Jihočeský kraj,1,16,41
537331,Kostomlaty nad Labem,Středočeský kraj,47,191,1900
537349,Košík,Středočeský kraj,20,88,371
537357,Kounice,Středočeský kraj,44,206,1675
537365,Olšovice,Jihočeský kraj,3,18,55
537373,Kovanice,Středočeský kraj,33,135,911
537381,Mahouš,Jihočeský kraj,6,82,163
537390,Krchleby,Středočeský kraj,20,83,798
537403,Křečkov,Středočeský kraj,9,38,443
537411,Křinec,Středočeský kraj,61,284,1357
537420,Chvalovice,Jihočeský kraj,10,44,155
537438,Libice nad Cidlinou,Středočeský kraj,61,332,1261
537446,Loučeň,Středočeský kraj,28,153,1391
537454,Lysá nad Labem,Středočeský kraj,401,1979,10074
537462,Mcely,Středočeský kraj,14,87,408
537489,Městec Králové,Středočeský kraj,143,732,2868
537497,Milčice,Středočeský kraj,19,113,292
537501,Milovice,Středočeský kraj,988,5531,13844
537519,Buk,Jihočeský kraj,12,66,317
537527,Bohunice,Jihočeský kraj,1,6,45
537535,Újezdec,Jihočeský kraj,4,29,84
537543,Pěčnov,Jihočeský kraj,4,32,166
537551,Odřepsy,Středočeský kraj,15,59,313
537560,Okřínek,Středočeský kraj,8,36,199
537578,Opočnice,Středočeský kraj,28,126,454
537586,Opolany,Středočeský kraj,38,171,931
537594,Střítež,Kraj Vysočina,3,16,102
537608,Ústrašín,Kraj Vysočina,7,43,265
537616,Oskořínek,Středočeský kraj,18,116,544
537624,Ostrá,Středočeský kraj,15,63,606
537632,Pátek,Středočeský kraj,22,111,775
537641,Pečky,Středočeský kraj,295,1730,4903
537659,Písková Lhota,Středočeský kraj,21,82,527
537667,Písty,Středočeský kraj,13,67,437
537675,Pňov-Předhradí,Středočeský kraj,15,48,616
537683,Poděbrady,Středočeský kraj,610,2935,15050
537691,Ondřejov,Kraj Vysočina,1,4,171
537705,Poříčany,Středočeský kraj,42,229,1552
537713,Leština,Olomoucký kraj,24,166,1233
537721,Přerov nad Labem,Středočeský kraj,25,161,1274
537748,Ratenice,Středočeský kraj,49,295,654
537756,Rožďalovice,Středočeský kraj,119,605,1656
537764,Sadská,Středočeský kraj,150,738,3235
537772,Sány,Středočeský kraj,23,108,576
537781,Semice,Středočeský kraj,46,211,1527
537799,Senice,Středočeský kraj,8,47,201
537802,Sloveč,Středočeský kraj,24,159,520
537811,Sokoleč,Středočeský kraj,21,102,1112
537837,Stará Lysá,Středočeský kraj,16,54,834
537845,Teplička,Karlovarský kraj,9,30,103
537853,Straky,Středočeský kraj,24,102,529
537861,Stratov,Středočeský kraj,20,81,715
537870,Březová,Karlovarský kraj,39,234,685
537888,Tatce,Středočeský kraj,16,80,669
537896,Třebestovice,Středočeský kraj,55,241,1298
537900,Úmyslovice,Středočeský kraj,11,55,311
537918,Dalovice,Karlovarský kraj,141,648,2009
537926,Jenišov,Karlovarský kraj,43,215,1158
537934,Mírová,Karlovarský kraj,8,49,329
537942,Vestec,Středočeský kraj,14,60,335
537951,Vlkov pod Oškobrhem,Středočeský kraj,6,26,96
537969,Otovice,Karlovarský kraj,28,166,1033
537977,Vrbová Lhota,Středočeský kraj,19,93,573
537985,Všechlapy,Středočeský kraj,22,110,845
537993,Vykáň,Středočeský kraj,24,80,435
538001,Andělská Hora,Karlovarský kraj,16,78,404
538019,Černava,Karlovarský kraj,15,84,307
538027,Smolné Pece,Karlovarský kraj,9,43,238
538035,Žehuň,Středočeský kraj,19,74,450
538043,Babice,Středočeský kraj,25,84,1453
538051,Bašť,Středočeský kraj,59,254,3043
538086,Bořanovice,Středočeský kraj,31,131,939
538094,Brandýs nad Labem-Stará Boleslav,Středočeský kraj,903,3998,20132
538108,Brázdim,Středočeský kraj,21,77,710
538116,Děpoltovice,Karlovarský kraj,25,146,424
538132,Čelákovice,Středočeský kraj,463,2223,12457
538141,Čestlice,Středočeský kraj,24,189,748
538159,Hájek,Karlovarský kraj,24,127,642
538167,Dobřejovice,Středočeský kraj,31,184,1310
538183,Kbelany,Plzeňský kraj,9,27,130
538191,Dřevčice,Středočeský kraj,13,46,783
538221,Horoušany,Středočeský kraj,65,301,1911
538230,Hovorčovice,Středočeský kraj,76,429,2573
538248,Hrusice,Středočeský kraj,22,88,929
538256,Husinec,Středočeský kraj,26,122,1552
538264,Jenštejn,Středočeský kraj,38,159,1477
538272,Jirny,Středočeský kraj,78,356,3218
538281,Kaliště,Středočeský kraj,10,54,373
538299,Kamenice,Středočeský kraj,142,706,5130
538311,Klecany,Středočeský kraj,130,535,3854
538329,Klíčany,Středočeský kraj,50,225,625
538337,Krásno,Karlovarský kraj,45,231,709
538345,Kojetice,Středočeský kraj,36,180,930
538370,Kostelec u Křížků,Středočeský kraj,18,101,757
538396,Šabina,Karlovarský kraj,6,38,375
538418,Křížkový Újezdec,Středočeský kraj,11,53,325
538426,Kunice,Středočeský kraj,33,137,1872
538434,Svatava,Karlovarský kraj,151,777,1630
538442,Líbeznice,Středočeský kraj,75,343,3214
538451,Louňovice,Středočeský kraj,20,83,1225
538469,Máslovice,Středočeský kraj,14,123,387
538477,Měšice,Středočeský kraj,58,308,2185
538485,Mirošovice,Středočeský kraj,32,155,1473
538493,Mnichovice,Středočeský kraj,101,493,4084
538507,Mochov,Středočeský kraj,50,217,1686
538515,Mratín,Středočeský kraj,37,165,1428
538523,Mukařov,Středočeský kraj,60,330,2952
538540,Nehvizdy,Středočeský kraj,62,333,4325
538558,Nová Ves,Středočeský kraj,35,204,1516
538566,Nový Vestec,Středočeský kraj,12,53,494
538574,Odolena Voda,Středočeský kraj,233,1239,6444
538582,Ondřejov,Středočeský kraj,46,265,1846
538591,Dolní Rychnov,Karlovarský kraj,123,654,1319
538604,Panenské Břežany,Středočeský kraj,29,145,642
538612,Petříkov,Středočeský kraj,15,102,639
538621,Podolanka,Středočeský kraj,18,120,601
538639,Polerady,Středočeský kraj,10,72,699
538647,Postřižín,Středočeský kraj,32,154,1930
538655,Předboj,Středočeský kraj,25,120,1364
538663,Tatrovice,Karlovarský kraj,7,34,166
538671,Přezletice,Středočeský kraj,39,146,2285
538680,Pyšely,Středočeský kraj,43,211,2203
538698,Radějovice,Středočeský kraj,9,57,531
538701,Radonice,Středočeský kraj,24,176,1119
538710,Řehenice,Středočeský kraj,21,75,516
538728,Říčany,Středočeský kraj,464,2133,16880
538744,Březnice,Zlínský kraj,35,184,1449
538752,Senohraby,Středočeský kraj,28,83,1335
538761,Sibřina,Středočeský kraj,38,232,1096
538779,Sluhy,Středočeský kraj,27,145,729
538787,Sluštice,Středočeský kraj,15,79,742
538795,Krásná,Karlovarský kraj,70,391,622
538809,Strančice,Středočeský kraj,83,386,2819
538817,Podhradí,Karlovarský kraj,18,93,212
538825,Struhařov,Středočeský kraj,16,110,988
538833,Sulice,Středočeský kraj,35,190,2494
538841,Světice,Středočeský kraj,21,78,1415
538850,Svojetice,Středočeský kraj,27,116,1306
538868,Pomezí nad Ohří,Karlovarský kraj,12,67,362
538876,Šestajovice,Středočeský kraj,73,271,4070
538884,Škvorec,Středočeský kraj,65,326,2209
538892,Tehov,Středočeský kraj,27,152,1155
538906,Milíkov,Karlovarský kraj,19,101,288
538914,Lázně Toušeň,Středočeský kraj,66,328,1508
538922,Okrouhlá,Karlovarský kraj,23,99,258
538957,Úvaly,Středočeský kraj,196,1006,7496
538965,Veleň,Středočeský kraj,38,166,1950
538973,Veliká Ves,Středočeský kraj,18,85,389
538981,Velké Popovice,Středočeský kraj,100,438,3360
538990,Větrušice,Středočeský kraj,22,153,711
539015,Vodochody,Středočeský kraj,38,222,778
539023,Třebeň,Karlovarský kraj,26,129,453
539031,Všestary,Středočeský kraj,16,54,1000
539040,Vyšehořovice,Středočeský kraj,19,88,687
539058,Zdiby,Středočeský kraj,88,356,3915
539066,Zeleneč,Středočeský kraj,83,380,3206
539074,Vojtanov,Karlovarský kraj,29,157,243
539082,Zlonín,Středočeský kraj,17,77,1303
539091,Zvánovice,Středočeský kraj,9,41,589
539104,Bojanovice,Středočeský kraj,9,37,494
539112,Stará Voda,Karlovarský kraj,28,180,510
539121,Černolice,Středočeský kraj,19,134,577
539139,Černošice,Středočeský kraj,150,667,7644
539147,Číčovice,Středočeský kraj,19,114,319
539155,Čisovice,Středočeský kraj,38,164,1178
539163,Davle,Středočeský kraj,55,237,1824
539171,Dobrovíz,Středočeský kraj,11,92,578
539180,Dobříč,Středočeský kraj,20,62,516
539198,Dobřichovice,Středočeský kraj,98,474,3767
539201,Dolany nad Vltavou,Středočeský kraj,30,132,950
539210,Dolní Břežany,Středočeský kraj,123,664,4684
539228,Holubice,Středočeský kraj,39,225,2156
539236,Horoměřice,Středočeský kraj,145,729,5275
539244,Hostivice,Středočeský kraj,278,1268,9144
539252,Hradištko,Středočeský kraj,64,257,2450
539261,Hvozdnice,Středočeský kraj,9,57,587
539279,Velká Hleďsebe,Karlovarský kraj,110,528,2371
539287,Choteč,Středočeský kraj,6,18,383
539295,Chrášťany,Středočeský kraj,46,209,1147
539309,Chýně,Středočeský kraj,70,340,4730
539317,Jeneč,Středočeský kraj,62,301,1340
539325,Jesenice,Středočeský kraj,238,1155,10360
539333,Jílové u Prahy,Středočeský kraj,182,931,5217
539341,Jíloviště,Středočeský kraj,32,136,711
539350,Jinočany,Středočeský kraj,67,352,2262
539368,Kamenný Přívoz,Středočeský kraj,66,376,1572
539376,Vlkovice,Karlovarský kraj,7,32,125
539384,Kněževes,Středočeský kraj,25,105,649
539392,Kosoř,Středočeský kraj,22,73,864
539406,Lety,Středočeský kraj,38,204,1619
539414,Libčice nad Vltavou,Středočeský kraj,175,944,3539
539422,Libeř,Středočeský kraj,48,296,1607
539431,Zádub-Závišín,Karlovarský kraj,14,51,449
539457,Líšnice,Středočeský kraj,26,138,797
539473,Ovesné Kladruby,Karlovarský kraj,13,59,144
539481,Valy,Karlovarský kraj,13,62,488
539490,Měchenice,Středočeský kraj,32,161,848
539503,Ohrobec,Středočeský kraj,28,165,1518
539511,Okrouhlo,Středočeský kraj,17,90,807
539520,Ořech,Středočeský kraj,39,253,982
539538,Prameny,Karlovarský kraj,5,20,124
539546,Petrov,Středočeský kraj,24,102,816
539554,Odrava,Karlovarský kraj,18,91,231
539562,Pohoří,Středočeský kraj,17,147,437
539571,Průhonice,Středočeský kraj,83,311,2869
539597,Psáry,Středočeský kraj,94,436,4244
539619,Tuřany,Karlovarský kraj,6,20,141
539627,Roztoky,Středočeský kraj,225,1191,9010
539643,Řevnice,Středočeský kraj,105,497,3765
539651,Řitka,Středočeský kraj,32,172,1400
539660,Slapy,Středočeský kraj,49,223,993
539686,Statenice,Středočeský kraj,45,192,1571
539708,Středokluky,Středočeský kraj,28,127,1313
539716,Měcholupy,Plzeňský kraj,8,43,213
539732,Štěchovice,Středočeský kraj,87,465,2215
539741,Štěnovický Borek,Plzeňský kraj,11,46,621
539759,Třebotov,Středočeský kraj,47,256,1493
539767,Tuchoměřice,Středočeský kraj,39,107,1725
539775,Tursko,Středočeský kraj,49,254,932
539783,Oplot,Plzeňský kraj,9,62,341
539805,Únětice,Středočeský kraj,18,70,913
539813,Velké Přílepy,Středočeský kraj,86,456,3612
539821,Horní Lukavice,Plzeňský kraj,8,21,505
539830,Vonoklasy,Středočeský kraj,24,131,568
539848,Vrané nad Vltavou,Středočeský kraj,114,570,2680
539856,Všenory,Středočeský kraj,48,151,1737
539872,Zbuzany,Středočeský kraj,42,197,1438
539881,Zlatníky-Hodkovice,Středočeský kraj,52,294,1398
539902,Zvole,Středočeský kraj,30,135,1956
539911,Příbram,Středočeský kraj,2233,12819,32870
539929,Týniště,Plzeňský kraj,3,14,52
539937,Skašov,Plzeňský kraj,12,61,207
539945,Dolce,Plzeňský kraj,5,34,289
539953,Bohutín,Středočeský kraj,75,366,1976
539961,Libina,Olomoucký kraj,161,729,3266
539970,Borotice,Středočeský kraj,12,67,423
539988,Bratkovice,Středočeský kraj,11,46,315
540005,Lipinka,Olomoucký kraj,10,28,191
540013,Březnice,Středočeský kraj,221,1161,3540
540021,Buková u Příbramě,Středočeský kraj,6,43,461
540030,Lipová-lázně,Olomoucký kraj,127,638,2095
540048,Buš,Středočeský kraj,9,34,337
540056,Střelice,Plzeňský kraj,5,18,149
540064,Lisov,Plzeňský kraj,3,17,138
540072,Čenkov,Středočeský kraj,16,55,388
540081,Čím,Středočeský kraj,4,20,380
540099,Daleké Dušníky,Středočeský kraj,8,27,439
540102,Nezdřev,Plzeňský kraj,8,59,101
540111,Dobříš,Středočeský kraj,359,1924,8855
540129,Dolní Hbity,Středočeský kraj,24,167,904
540137,Životice,Plzeňský kraj,2,7,55
540145,Drahlín,Středočeský kraj,6,8,572
540153,Drásov,Středočeský kraj,7,21,440
540161,Líšnice,Olomoucký kraj,11,39,429
540170,Drevníky,Středočeský kraj,14,63,380
540188,Drhovy,Středočeský kraj,16,49,294
540196,Loštice,Olomoucký kraj,76,310,3027
540200,Kozlovice,Plzeňský kraj,1,2,97
540218,Dublovice,Středočeský kraj,56,304,1064
540226,Loučná nad Desnou,Olomoucký kraj,93,416,1482
540234,Lukavice,Olomoucký kraj,33,207,868
540242,Hluboš,Středočeský kraj,25,173,678
540251,Drahkov,Plzeňský kraj,6,45,138
540269,Nová Ves,Plzeňský kraj,3,20,297
540285,Hřiměždice,Středočeský kraj,15,59,374
540293,Otěšice,Plzeňský kraj,10,38,148
540307,Chlumy,Plzeňský kraj,4,4,102
540315,Hvožďany,Středočeský kraj,22,113,791
540323,Chotilsko,Středočeský kraj,30,147,613
540331,Malá Morava,Olomoucký kraj,70,415,518
540340,Nebílovy,Plzeňský kraj,8,32,376
540358,Chraštice,Středočeský kraj,11,41,251
540366,Maletín,Olomoucký kraj,41,183,433
540374,Jablonná,Středočeský kraj,26,135,415
540382,Mikulovice,Olomoucký kraj,169,838,2512
540391,Jesenice,Středočeský kraj,9,44,555
540404,Jince,Středočeský kraj,159,912,2429
540412,Předenice,Plzeňský kraj,5,31,260
540421,Radkovice,Plzeňský kraj,14,97,104
540439,Kamýk nad Vltavou,Středočeský kraj,41,223,968
540447,Klučenice,Středočeský kraj,15,61,471
540463,Bolkov,Plzeňský kraj,1,1,59
540471,Mohelnice,Olomoucký kraj,354,1648,9580
540480,Moravičany,Olomoucký kraj,26,108,1343
540498,Kosova Hora,Středočeský kraj,83,406,1384
540501,Nový Malín,Olomoucký kraj,126,619,3731
540510,Olšany,Olomoucký kraj,38,180,1044
540528,Únětice,Plzeňský kraj,5,28,155
540536,Kozárovice,Středočeský kraj,22,140,408
540544,Oskava,Olomoucký kraj,64,333,1298
540552,Krásná Hora nad Vltavou,Středočeský kraj,53,301,1109
540561,Letkov,Plzeňský kraj,10,54,880
540579,Křepenice,Středočeský kraj,9,39,212
540587,Křešín,Středočeský kraj,2,7,149
540595,Palonín,Olomoucký kraj,9,71,357
540609,Pavlov,Olomoucký kraj,5,19,651
540617,Líšina,Plzeňský kraj,8,36,149
540625,Láz,Středočeský kraj,12,79,633
540633,Kotovice,Plzeňský kraj,36,224,299
540641,Mokrouše,Plzeňský kraj,8,30,333
540650,Písařov,Olomoucký kraj,46,238,727
540668,Honezovice,Plzeňský kraj,14,59,276
540676,Srby,Plzeňský kraj,7,41,180
540684,Písečná,Olomoucký kraj,60,395,1042
540692,Sedliště,Plzeňský kraj,4,21,127
540706,Vlčtejn,Plzeňský kraj,1,1,102
540714,Malá Hraštice,Středočeský kraj,31,141,1130
540731,Police,Olomoucký kraj,8,55,222
540749,Milešov,Středočeský kraj,21,106,323
540757,Milín,Středočeský kraj,118,626,2239
540765,Mníšek pod Brdy,Středočeský kraj,239,1187,6318
540773,Postřelmov,Olomoucký kraj,104,580,2954
540781,Mokrovraty,Středočeský kraj,35,186,806
540790,Nalžovice,Středočeský kraj,18,98,625
540803,Chlum,Plzeňský kraj,3,4,49
540811,Nečín,Středočeský kraj,33,180,778
540820,Nedrahovice,Středočeský kraj,16,102,472
540846,Nechvalice,Středočeský kraj,10,38,657
540854,Rájec,Olomoucký kraj,10,40,580
540862,Rapotín,Olomoucký kraj,161,869,3315
540871,Rohle,Olomoucký kraj,40,162,622
540889,Nová Ves pod Pleší,Středočeský kraj,46,223,1548
540897,Nové Dvory,Středočeský kraj,11,48,276
540901,Nový Knín,Středočeský kraj,74,359,2136
540919,Rovensko,Olomoucký kraj,23,94,827
540935,Obecnice,Středočeský kraj,44,236,1269
540943,Obory,Středočeský kraj,9,27,287
540951,Obořiště,Středočeský kraj,18,92,719
540960,Ohrazenice,Středočeský kraj,3,22,307
540978,Ruda nad Moravou,Olomoucký kraj,89,377,2563
540986,Sobotín,Olomoucký kraj,93,423,1154
541001,Hradiště,Plzeňský kraj,2,9,46
541010,Ouběnice,Středočeský kraj,7,32,245
541028,Pečice,Středočeský kraj,20,130,392
541036,Stará Červená Voda,Olomoucký kraj,40,188,604
541044,Petrovice,Středočeský kraj,32,169,1355
541052,Pičín,Středočeský kraj,18,95,648
541061,Zvíkovec,Plzeňský kraj,5,28,203
541079,Staré Město,Olomoucký kraj,192,924,1711
541087,Počepice,Středočeský kraj,15,61,547
541095,Bezděkov,Plzeňský kraj,9,27,161
541109,Sudkov,Olomoucký kraj,64,324,1160
541117,Supíkovice,Olomoucký kraj,33,188,650
541125,Svébohov,Olomoucký kraj,10,80,421
541133,Prosenická Lhota,Středočeský kraj,21,158,534
541141,Chomle,Plzeňský kraj,5,37,72
541150,Kamenný Újezd,Plzeňský kraj,12,48,934
541168,Štíty,Olomoucký kraj,102,587,1951
541176,Svojkovice,Plzeňský kraj,11,31,466
541192,Nevid,Plzeňský kraj,1,3,185
541206,Rosovice,Středočeský kraj,30,200,874
541214,Uhelná,Olomoucký kraj,56,228,477
541222,Úsov,Olomoucký kraj,59,251,1160
541231,Rožmitál pod Třemšínem,Středočeský kraj,251,1264,4330
541249,Vápenná,Olomoucký kraj,103,563,1199
541257,Rybníky,Středočeský kraj,7,59,481
541265,Velké Losiny,Olomoucký kraj,125,675,2531
541273,Sádek,Středočeský kraj,6,17,223
541281,Sedlčany,Středočeský kraj,294,1461,6823
541290,Horní Kozolupy,Plzeňský kraj,24,111,251
541303,Vidnava,Olomoucký kraj,158,889,1190
541311,Smolotely,Středočeský kraj,11,70,290
541320,Solenice,Středočeský kraj,44,290,372
541338,Stará Huť,Středočeský kraj,54,254,1630
541346,Vlčice,Olomoucký kraj,40,224,447
541354,Zábřeh,Olomoucký kraj,694,3574,13475
541362,Zadní Chodov,Plzeňský kraj,15,107,243
541371,Suchodol,Středočeský kraj,13,73,413
541389,Svaté Pole,Středočeský kraj,8,51,546
541397,Svatý Jan,Středočeský kraj,26,109,672
541401,Broumov,Plzeňský kraj,10,23,137
541419,Štětkovice,Středočeský kraj,8,48,350
541427,Tochovice,Středočeský kraj,35,153,645
541435,Únehle,Plzeňský kraj,5,29,137
541443,Obora,Plzeňský kraj,5,59,172
541451,Třebsko,Středočeský kraj,9,52,273
541460,Zhoř,Plzeňský kraj,47,311,182
541478,Zvole,Olomoucký kraj,14,55,854
541486,Prostiboř,Plzeňský kraj,19,86,250
541494,Kokašice,Plzeňský kraj,32,224,271
541508,Věšín,Středočeský kraj,27,110,710
541516,Višňová,Středočeský kraj,22,116,708
541524,Volenice,Středočeský kraj,6,15,378
541532,Milíře,Plzeňský kraj,33,231,241
541541,Voznice,Středočeský kraj,19,109,726
541559,Kočov,Plzeňský kraj,30,161,226
541567,Vranovice,Středočeský kraj,13,61,335
541575,Žulová,Olomoucký kraj,113,553,1143
541583,Vysoká u Příbramě,Středočeský kraj,9,33,367
541591,Vysoký Chlumec,Středočeský kraj,52,197,812
541605,Brod nad Tichou,Plzeňský kraj,14,94,253
541613,Zalužany,Středočeský kraj,20,60,330
541621,Tisová,Plzeňský kraj,50,296,519
541630,Vsetín,Zlínský kraj,1307,5929,25393
541648,Branky,Zlínský kraj,65,347,1023
541656,Rakovník,Středočeský kraj,910,5711,15754
541664,Záchlumí,Plzeňský kraj,62,380,457
541672,Branov,Středočeský kraj,9,64,203
541681,Ošelín,Plzeňský kraj,43,273,159
541699,Čistá,Středočeský kraj,83,409,883
541702,Lom u Tachova,Plzeňský kraj,30,145,512
541711,Bystřička,Zlínský kraj,18,72,1030
541729,Hořesedly,Středočeský kraj,47,275,408
541737,Hořovičky,Středočeský kraj,62,324,478
541745,Myslovice,Plzeňský kraj,2,3,133
541753,Ježovy,Plzeňský kraj,14,67,220
541761,Hřebečníky,Středočeský kraj,9,83,252
541770,Hředle,Středočeský kraj,28,183,593
541788,Poleň,Plzeňský kraj,16,89,281
541796,Hejná,Plzeňský kraj,5,26,149
541800,Dolní Bečva,Zlínský kraj,27,97,1984
541818,Chrášťany,Středočeský kraj,46,253,681
541826,Kejnice,Plzeňský kraj,1,1,103
541834,Jesenice,Středočeský kraj,158,886,1644
541842,Běhařov,Plzeňský kraj,16,66,179
541851,Klenová,Plzeňský kraj,2,12,103
541869,Javor,Plzeňský kraj,1,19,79
541877,Kněževes,Středočeský kraj,62,351,1021
541885,Týnec,Plzeňský kraj,14,60,360
541893,Kolešovice,Středočeský kraj,73,534,826
541907,Kounov,Středočeský kraj,55,295,554
541915,Obytce,Plzeňský kraj,8,32,223
541923,Břežany,Plzeňský kraj,7,16,210
541931,Kvášňovice,Plzeňský kraj,3,12,132
541940,Kroučová,Středočeský kraj,8,45,287
541958,Olšany,Plzeňský kraj,5,5,204
541966,Krupá,Středočeský kraj,24,108,453
541974,Krušovice,Středočeský kraj,24,115,613
541982,Křivoklát,Středočeský kraj,54,302,693
541991,Lány,Středočeský kraj,70,374,2271
542008,Lašovice,Středočeský kraj,13,110,134
542016,Lišany,Středočeský kraj,40,202,681
542024,Číhaň,Plzeňský kraj,8,36,212
542032,Lubná,Středočeský kraj,42,228,1084
542041,Lužná,Středočeský kraj,60,309,1985
542059,Mlýnské Struhadlo,Plzeňský kraj,1,1,51
542067,Městečko,Středočeský kraj,11,58,449
542075,Milostín,Středočeský kraj,36,207,327
542083,Hnačov,Plzeňský kraj,2,7,85
542091,Horská Kvilda,Plzeňský kraj,2,13,69
542105,Mšec,Středočeský kraj,50,285,901
542113,Mšecké Žehrovice,Středočeský kraj,23,89,652
542121,Mutějovice,Středočeský kraj,67,301,828
542130,Nesuchyně,Středočeský kraj,23,100,430
542148,Modrava,Plzeňský kraj,3,14,108
542156,Borovy,Plzeňský kraj,5,18,233
542164,Nové Strašecí,Středočeský kraj,213,1099,5692
542172,Červené Poříčí,Plzeňský kraj,14,117,234
542181,Nový Dům,Středočeský kraj,6,32,183
542199,Olešná,Středočeský kraj,14,67,621
542202,Oráčov,Středočeský kraj,17,58,365
542211,Panoší Újezd,Středočeský kraj,5,13,279
542229,Petrovice,Středočeský kraj,12,66,280
542237,Pochvalov,Středočeský kraj,14,62,250
542253,Příčina,Středočeský kraj,8,48,203
542270,Pšovlky,Středočeský kraj,15,83,270
542288,Pustověty,Středočeský kraj,5,15,131
542296,Nezdice,Plzeňský kraj,5,31,222
542318,Blazice,Zlínský kraj,9,24,200
542326,Ruda,Středočeský kraj,42,244,822
542334,Rynholec,Středočeský kraj,46,193,1069
542342,Honětice,Zlínský kraj,8,44,83
542351,Řevničov,Středočeský kraj,44,269,1441
542369,Senec,Středočeský kraj,10,49,265
542377,Senomaty,Středočeský kraj,41,234,1280
542385,Skryje,Středočeský kraj,7,28,147
542393,Vrbka,Zlínský kraj,1,2,190
542407,Trnovany,Ústecký kraj,16,118,444
542415,Slabce,Středočeský kraj,35,185,734
542423,Černouček,Ústecký kraj,11,58,314
542431,Srbeč,Středočeský kraj,14,41,309
542440,Oleško,Ústecký kraj,8,65,104
542458,Svojetín,Středočeský kraj,36,176,352
542466,Sýkořice,Středočeský kraj,26,97,567
542474,Šanov,Středočeský kraj,24,126,567
542482,Záluží,Ústecký kraj,6,36,213
542491,Malíč,Ústecký kraj,7,58,187
542504,Třeboc,Středočeský kraj,14,110,150
542512,Třtice,Středočeský kraj,18,71,504
542521,Michalovice,Ústecký kraj,11,57,162
542539,Píšťany,Ústecký kraj,11,61,216
542547,Blšany u Loun,Ústecký kraj,5,37,421
542555,Opočno,Ústecký kraj,8,43,119
542563,Velká Buková,Středočeský kraj,10,24,279
542571,Cítoliby,Ústecký kraj,89,676,1049
542580,Obora,Ústecký kraj,10,30,453
542598,Všetaty,Středočeský kraj,14,72,322
542601,Zavidov,Středočeský kraj,11,35,339
542610,Zbečno,Středočeský kraj,31,116,620
542628,Černčice,Ústecký kraj,86,437,1328
542636,Nová Ves,Ústecký kraj,5,28,127
542644,Francova Lhota,Zlínský kraj,28,169,1479
542679,Halenkov,Zlínský kraj,45,225,2389
542687,Horní Bečva,Zlínský kraj,61,301,2440
542725,Horní Lideč,Zlínský kraj,21,102,1321
542750,Hošťálková,Zlínský kraj,51,200,2280
542768,Hovězí,Zlínský kraj,51,245,2382
542784,Huslenky,Zlínský kraj,53,204,2201
542814,Hutisko-Solanec,Zlínský kraj,52,195,2008
542831,Choryně,Zlínský kraj,23,96,738
542865,Jablůnka,Zlínský kraj,64,232,2064
542903,Jarcová,Zlínský kraj,18,54,862
542911,Karolinka,Zlínský kraj,124,481,2417
542946,Kateřinice,Zlínský kraj,30,132,1059
542989,Kelč,Zlínský kraj,78,453,2696
542997,Kladeruby,Zlínský kraj,4,20,468
543012,Žerotín,Ústecký kraj,5,17,214
543021,Kunovice,Zlínský kraj,12,52,656
543098,Lačnov,Zlínský kraj,14,71,839
543128,Staňkovice,Ústecký kraj,78,441,1105
543543,Hruška,Olomoucký kraj,23,145,264
544248,Pavlíkov,Středočeský kraj,31,190,1058
544256,České Budějovice,Jihočeský kraj,5459,36539,96993
544264,Leskovec,Zlínský kraj,16,54,663
544272,Borek,Jihočeský kraj,26,127,1586
544281,Borovany,Jihočeský kraj,132,829,4185
544299,Boršov nad Vltavou,Jihočeský kraj,52,456,2042
544302,Lešná,Zlínský kraj,37,166,2081
544329,Čejkovice,Jihočeský kraj,13,85,404
544337,Hamr na Jezeře,Liberecký kraj,39,228,472
544345,Proseč pod Ještědem,Liberecký kraj,5,17,455
544353,Heřmanice,Liberecký kraj,12,48,279
544361,Dívčice,Jihočeský kraj,13,90,604
544370,Lidečko,Zlínský kraj,33,159,1821
544388,Dolní Bukovsko,Jihočeský kraj,43,275,1705
544396,Liptál,Zlínský kraj,35,159,1545
544400,Doudleby,Jihočeský kraj,5,25,467
544418,Loučka,Zlínský kraj,23,96,777
544426,Dříteň,Jihočeský kraj,88,581,1701
544434,Lužná,Zlínský kraj,12,74,615
544442,Dubné,Jihočeský kraj,21,167,1730
544451,Dynín,Jihočeský kraj,15,108,364
544469,Malá Bystřice,Zlínský kraj,7,36,319
544477,Stráž nad Nisou,Liberecký kraj,109,571,2403
544485,Hluboká nad Vltavou,Jihočeský kraj,182,1073,5573
544493,Homole,Jihočeský kraj,27,171,1676
544507,Mikulůvka,Zlínský kraj,15,70,826
544515,Horní Stropnice,Jihočeský kraj,108,591,1488
544523,Hosín,Jihočeský kraj,26,155,962
544531,Čtveřín,Liberecký kraj,16,64,603
544540,Hranice,Jihočeský kraj,13,79,210
544558,Hrdějovice,Jihočeský kraj,41,334,1508
544566,Nový Hrozenkov,Zlínský kraj,83,411,2527
544574,Oznice,Zlínský kraj,6,30,499
544582,Radimovice,Liberecký kraj,10,47,360
544591,Chrášťany,Jihočeský kraj,31,142,733
544604,Žďárek,Liberecký kraj,1,3,177
544612,Jankov,Jihočeský kraj,2,16,389
544621,Police,Zlínský kraj,18,67,612
544639,Jílovice,Jihočeský kraj,37,166,1060
544647,Bynovec,Ústecký kraj,18,124,344
544655,Pozděchov,Zlínský kraj,13,70,599
544663,Kamenný Újezd,Jihočeský kraj,65,367,2664
544671,Prlov,Zlínský kraj,8,35,493
544680,Janov,Ústecký kraj,16,72,345
544698,Prostřední Bečva,Zlínský kraj,44,165,1810
544701,Labská Stráň,Ústecký kraj,6,22,226
544710,Vincencov,Olomoucký kraj,2,5,114
544728,Pržno,Zlínský kraj,13,38,615
544736,Ledenice,Jihočeský kraj,81,488,2556
544744,Libín,Jihočeský kraj,13,67,435
544752,Příštpo,Kraj Vysočina,15,59,252
544761,Lipí,Jihočeský kraj,14,117,673
544779,Lišov,Jihočeský kraj,114,745,4678
544787,Ratiboř,Zlínský kraj,38,144,1828
544795,Litvínovice,Jihočeský kraj,37,272,2753
544809,Ločenice,Jihočeský kraj,31,151,772
544817,Mladošovice,Jihočeský kraj,20,123,422
544825,Nedabyle,Jihočeský kraj,6,32,363
544833,Bačkovice,Kraj Vysočina,4,18,88
544841,Rožnov pod Radhoštěm,Zlínský kraj,599,2648,16190
544850,Růžďka,Zlínský kraj,29,116,899
544868,Nové Hrady,Jihočeský kraj,121,668,2534
544876,Lhotice,Kraj Vysočina,8,59,150
544884,Olešnice,Jihočeský kraj,32,176,885
544892,Olešník,Jihočeský kraj,28,206,811
544906,Seninka,Zlínský kraj,6,35,299
544914,Střelná,Zlínský kraj,11,42,558
544922,Střítež nad Bečvou,Zlínský kraj,23,85,894
544931,Študlov,Zlínský kraj,10,39,504
544949,Valašská Bystřice,Zlínský kraj,64,315,2238
544965,Radošovice,Jihočeský kraj,9,73,204
544973,Roudné,Jihočeský kraj,19,93,1424
544981,Rudolfov,Jihočeský kraj,87,535,2562
544990,Valašská Polanka,Zlínský kraj,21,83,1471
545007,Římov,Jihočeský kraj,19,133,1017
545015,Sedlec,Jihočeský kraj,13,82,520
545023,Slavče,Jihočeský kraj,40,223,715
545031,Menhartice,Kraj Vysočina,3,8,137
545040,Radotice,Kraj Vysočina,4,48,109
545058,Valašské Meziříčí,Zlínský kraj,1041,5015,22817
545066,Srubec,Jihočeský kraj,37,262,2962
545074,Staré Hodějovice,Jihočeský kraj,27,301,1312
545082,Strážkovice,Jihočeský kraj,8,42,523
545091,Střížov,Jihočeský kraj,15,136,224
545104,Svatý Jan nad Malší,Jihočeský kraj,13,89,619
545112,Valašské Příkazy,Zlínský kraj,6,26,341
545121,Ševětín,Jihočeský kraj,35,167,1381
545139,Štěpánovice,Jihočeský kraj,33,260,988
545147,Velká Lhota,Zlínský kraj,13,58,542
545155,Temelín,Jihočeský kraj,52,302,893
545163,Velké Karlovice,Zlínský kraj,70,319,2366
545171,Trhové Sviny,Jihočeský kraj,194,1244,5292
545180,Slavíkovice,Kraj Vysočina,10,70,182
545198,Vidče,Zlínský kraj,33,126,1755
545201,Týn nad Vltavou,Jihočeský kraj,454,2706,7850
545210,Vigantice,Zlínský kraj,25,119,1088
545228,Včelná,Jihočeský kraj,43,300,2268
545236,Zašová,Zlínský kraj,71,342,3079
545244,Zděchov,Zlínský kraj,5,22,558
545252,Zubří,Zlínský kraj,140,690,5552
545261,Vrábče,Jihočeský kraj,18,86,861
545279,Domašov nad Bystřicí,Olomoucký kraj,52,294,491
545287,Všemyslice,Jihočeský kraj,86,528,1166
545295,Skalička,Jihomoravský kraj,6,18,166
545309,Kožichovice,Kraj Vysočina,9,54,467
545317,Záboří,Jihočeský kraj,24,106,373
545325,Velký Karlov,Jihomoravský kraj,34,178,423
545341,Zliv,Jihočeský kraj,150,921,3495
545368,Žabovřesky,Jihočeský kraj,10,41,433
545376,Žár,Jihočeský kraj,21,88,361
545384,Žimutice,Jihočeský kraj,23,150,631
545392,Český Krumlov,Jihočeský kraj,866,5526,12912
545406,Benešov nad Černou,Jihočeský kraj,119,589,1391
545414,Besednice,Jihočeský kraj,36,223,825
545431,Brloh,Jihočeský kraj,63,366,1066
545449,Bujanov,Jihočeský kraj,71,489,606
545457,Černá v Pošumaví,Jihočeský kraj,45,178,856
545465,Dolní Dvořiště,Jihočeský kraj,122,658,1440
545473,Dolní Třebonín,Jihočeský kraj,51,304,1352
545481,Frymburk,Jihočeský kraj,75,392,1392
545490,Holubov,Jihočeský kraj,30,135,1102
545503,Horní Dvořiště,Jihočeský kraj,60,332,460
545511,Horní Planá,Jihočeský kraj,152,894,2004
545520,Hořice na Šumavě,Jihočeský kraj,97,620,901
545538,Starý Šachov,Ústecký kraj,13,58,227
545546,Chvalšiny,Jihočeský kraj,90,622,1257
545554,Kájov,Jihočeský kraj,79,414,1989
545562,Kaplice,Jihočeský kraj,456,2919,7522
545571,Křemže,Jihočeský kraj,91,521,2991
545597,Lipno nad Vltavou,Jihočeský kraj,43,266,662
545601,Loučovice,Jihočeský kraj,166,870,1492
545619,Malonty,Jihočeský kraj,96,583,1420
545627,Mirkovice,Jihočeský kraj,42,241,520
545643,Netřebice,Jihočeský kraj,22,133,460
545660,Omlenice,Jihočeský kraj,43,199,595
545678,Markvartice,Ústecký kraj,39,222,735
545694,Pohorská Ves,Jihočeský kraj,61,428,244
545708,Lobendava,Ústecký kraj,42,297,254
545716,Přední Výtoň,Jihočeský kraj,22,120,206
545724,Přídolí,Jihočeský kraj,66,438,682
545732,Přísečná,Jihočeský kraj,2,19,216
545767,Rožmberk nad Vltavou,Jihočeský kraj,30,141,394
545775,Rožmitál na Šumavě,Jihočeský kraj,53,317,427
545783,Dobrná,Ústecký kraj,33,142,447
545791,Merboltice,Ústecký kraj,12,45,204
545805,Soběnov,Jihočeský kraj,8,27,369
545813,Světlík,Jihočeský kraj,33,237,226
545821,Velešín,Jihočeský kraj,245,1638,3882
545830,Větřní,Jihočeský kraj,535,3408,3850
545848,Vyšší Brod,Jihočeský kraj,225,1179,2555
545856,Dolní Habartice,Ústecký kraj,30,169,598
545864,Zlatá Koruna,Jihočeský kraj,20,119,794
545872,Zubčice,Jihočeský kraj,11,78,440
545881,Jindřichův Hradec,Jihočeský kraj,1052,5864,20799
545899,Františkov nad Ploučnicí,Ústecký kraj,24,109,389
545902,Borová Lada,Jihočeský kraj,15,95,287
545929,Horní Habartice,Ústecký kraj,11,33,442
545937,Lažany,Liberecký kraj,7,37,243
545953,Paceřice,Liberecký kraj,13,65,364
545996,Černousy,Liberecký kraj,63,360,312
546011,Jimlín,Ústecký kraj,58,319,880
546020,Budeč,Jihočeský kraj,5,12,220
546038,Budíškovice,Jihočeský kraj,11,34,746
546054,Cizkrajov,Jihočeský kraj,76,293,521
546062,Pesvice,Ústecký kraj,5,29,199
546071,Račetice,Ústecký kraj,25,172,503
546089,České Velenice,Jihočeský kraj,403,2188,3613
546097,Český Rudolec,Jihočeský kraj,44,230,867
546101,Číměř,Jihočeský kraj,41,213,701
546127,Dačice,Jihočeský kraj,187,1024,7214
546143,Dešná,Jihočeský kraj,65,359,603
546151,Deštná,Jihočeský kraj,37,224,728
546160,Nezabylice,Ústecký kraj,13,48,269
546178,Úherce,Ústecký kraj,7,21,93
546186,Ryjice,Ústecký kraj,12,57,190
546194,Bačkov,Kraj Vysočina,2,11,117
546216,Jitkov,Kraj Vysočina,12,61,240
546232,Kozly,Liberecký kraj,1,1,159
546259,Kvítkov,Liberecký kraj,7,34,230
546267,Tuhaň,Liberecký kraj,23,80,269
546275,Slunečná,Liberecký kraj,8,41,151
546283,Svojkov,Liberecký kraj,15,70,266
546291,Hatín,Jihočeský kraj,4,9,249
546305,Heřmaneč,Jihočeský kraj,1,1,90
546330,Kunratice,Ústecký kraj,20,123,265
546348,Srbská Kamenice,Ústecký kraj,6,30,266
546364,Horní Pěna,Jihočeský kraj,16,79,588
546372,Buková,Plzeňský kraj,9,48,239
546381,Horní Radouň,Jihočeský kraj,10,54,253
546399,Míšov,Plzeňský kraj,5,24,108
546402,Hospříz,Jihočeský kraj,22,127,447
546411,Úherce,Plzeňský kraj,15,58,425
546429,Chraberce,Ústecký kraj,4,23,122
546437,Volevčice,Ústecký kraj,4,17,126
546445,Hříšice,Jihočeský kraj,3,7,339
546453,Kámen,Ústecký kraj,9,66,251
546461,Chlum u Třeboně,Jihočeský kraj,87,524,1876
546470,Litíč,Královéhradecký kraj,11,48,190
546488,Sirá,Plzeňský kraj,6,31,160
546496,Ludvíkovice,Ústecký kraj,32,151,951
546500,Jarošov nad Nežárkou,Jihočeský kraj,33,169,1072
546518,Loučná pod Klínovcem,Ústecký kraj,10,56,188
546526,Těškov,Plzeňský kraj,6,19,308
546534,Týček,Plzeňský kraj,5,11,250
546542,Kardašova Řečice,Jihočeský kraj,135,826,2243
546551,Újezd u Svatého Kříže,Plzeňský kraj,9,40,232
546577,Pulečný,Liberecký kraj,19,90,492
546585,Jiřetín pod Bukovou,Liberecký kraj,46,246,452
546593,Nová Ves,Liberecký kraj,71,430,927
546607,Dětřichov,Liberecký kraj,61,349,713
546615,Kunžak,Jihočeský kraj,56,274,1454
546623,Lásenice,Jihočeský kraj,34,218,587
546631,Bílý Potok,Liberecký kraj,55,349,701
546658,Janův Důl,Liberecký kraj,11,59,181
546666,Lodhéřov,Jihočeský kraj,27,189,699
546674,Lomnice nad Lužnicí,Jihočeský kraj,77,503,1794
546691,Lkáň,Ústecký kraj,17,84,192
546712,Majdalena,Jihočeský kraj,22,152,492
546721,Sedlec,Ústecký kraj,6,37,210
546755,Brzánky,Ústecký kraj,2,11,89
546763,Horní Řepčice,Ústecký kraj,3,4,92
546771,Kamýk,Ústecký kraj,16,52,203
546780,Býčkovice,Ústecký kraj,27,137,303
546798,Nová Bystřice,Jihočeský kraj,188,1013,3223
546801,Nová Včelnice,Jihočeský kraj,112,632,2258
546810,Chudoslavice,Ústecký kraj,9,31,185
546828,Staňkovice,Ústecký kraj,3,11,34
546844,Novosedly nad Nežárkou,Jihočeský kraj,64,546,700
546852,Černěves,Ústecký kraj,3,23,242
546861,Dobroměřice,Ústecký kraj,58,393,1434
546879,Líšťany,Ústecký kraj,28,132,476
546887,Vršovice,Ústecký kraj,16,49,248
546909,Lukov,Ústecký kraj,9,44,131
546917,Písečné,Jihočeský kraj,50,363,484
546925,Stebno,Ústecký kraj,25,176,486
546941,Dobšice,Jihomoravský kraj,61,358,2317
546950,Nová Pláň,Moravskoslezský kraj,0,0,70
546968,Pluhův Žďár,Jihočeský kraj,23,136,603
546976,Hraničné Petrovice,Olomoucký kraj,7,32,131
546984,Bílov,Moravskoslezský kraj,43,218,585
546992,Popelín,Jihočeský kraj,14,104,480
547000,Životice u Nového Jičína,Moravskoslezský kraj,23,125,673
547018,Střeň,Olomoucký kraj,19,118,601
547026,Bystrovany,Olomoucký kraj,24,113,982
547069,Rapšach,Jihočeský kraj,42,216,625
547077,Samotišky,Olomoucký kraj,26,150,1370
547085,Rodvínov,Jihočeský kraj,12,69,631
547093,Mutkov,Olomoucký kraj,1,1,43
547123,Komárov,Olomoucký kraj,14,122,221
547131,Svatoňovice,Moravskoslezský kraj,37,168,266
547166,Slavonice,Jihočeský kraj,133,727,2259
547182,Kozmice,Moravskoslezský kraj,50,244,1933
547191,Jezdkovice,Moravskoslezský kraj,3,9,244
547204,Staré Hobzí,Jihočeský kraj,52,351,565
547212,Staré Město pod Landštejnem,Jihočeský kraj,51,285,466
547221,Stráž nad Nežárkou,Jihočeský kraj,39,218,880
547239,Strmilov,Jihočeský kraj,77,418,1440
547247,Stříbřec,Jihočeský kraj,14,76,446
547255,Švábov,Kraj Vysočina,3,14,85
547263,Studená,Jihočeský kraj,86,438,2216
547280,Suchdol nad Lužnicí,Jihočeský kraj,134,795,3610
547336,Třeboň,Jihočeský kraj,245,1462,8259
547433,Vlkoš,Olomoucký kraj,11,42,676
547441,Volfířov,Jihočeský kraj,19,76,726
547450,Výkleky,Olomoucký kraj,3,23,281
547468,Zahrádky,Jihočeský kraj,7,23,247
547476,Paseky nad Jizerou,Liberecký kraj,7,30,246
547484,Ktová,Liberecký kraj,10,32,264
547492,Pelhřimov,Kraj Vysočina,517,2771,16476
547514,Zábeštní Lhota,Olomoucký kraj,2,7,183
547531,Hořenice,Královéhradecký kraj,4,8,146
547549,Bohdalín,Kraj Vysočina,9,54,180
547565,Vestec,Královéhradecký kraj,6,21,186
547581,Božejov,Kraj Vysočina,21,98,629
547603,Bratřice,Kraj Vysočina,4,12,141
547638,Budíkov,Kraj Vysočina,3,28,334
547646,Velké Poříčí,Královéhradecký kraj,91,599,2373
547654,Šestajovice,Královéhradecký kraj,3,28,168
547662,Cetoraz,Kraj Vysočina,9,44,325
547689,Čáslavsko,Kraj Vysočina,5,26,123
547701,Libchyně,Královéhradecký kraj,6,40,71
547719,Častrov,Kraj Vysočina,18,126,628
547727,Sendraž,Královéhradecký kraj,2,8,104
547735,Čejov,Kraj Vysočina,10,43,641
547743,Vernéřovice,Královéhradecký kraj,21,162,317
547751,Bukovice,Královéhradecký kraj,15,53,380
547760,Černovice,Kraj Vysočina,78,452,1781
547778,Červená Řečice,Kraj Vysočina,35,197,1034
547786,Adršpach,Královéhradecký kraj,16,105,502
547794,Hodonín,Pardubický kraj,4,21,80
547808,Rozhovice,Pardubický kraj,15,73,307
547816,Jeníkov,Pardubický kraj,3,10,461
547824,Křižanovice,Pardubický kraj,5,40,119
547832,Licibořice,Pardubický kraj,4,32,269
547841,Vyžice,Pardubický kraj,3,12,238
547859,Zájezdec,Pardubický kraj,9,56,158
547867,Bor u Skutče,Pardubický kraj,2,11,137
547875,Lipovec,Pardubický kraj,12,42,241
547883,Hojanovice,Kraj Vysočina,1,16,101
547891,Stolany,Pardubický kraj,5,9,406
547905,Rybník,Pardubický kraj,32,163,834
547913,Horní Cerekev,Kraj Vysočina,72,393,1900
547921,Trpík,Pardubický kraj,6,27,85
547930,Horní Ves,Kraj Vysočina,9,51,328
547948,Hořepník,Kraj Vysočina,36,231,640
547956,Hořice,Kraj Vysočina,6,44,204
547964,Sobkovice,Pardubický kraj,5,37,249
547972,Hrádek,Pardubický kraj,6,18,130
547981,Albrechtice,Pardubický kraj,11,67,432
547999,Humpolec,Kraj Vysočina,434,2224,11386
548006,Bošín,Pardubický kraj,4,19,105
548014,Dlouhá Třebová,Pardubický kraj,30,175,1302
548022,Vračovice-Orlov,Pardubický kraj,4,29,170
548031,Dlouhoňovice,Pardubický kraj,23,122,821
548049,Helvíkovice,Pardubický kraj,8,45,532
548057,Vrchovnice,Královéhradecký kraj,4,33,73
548065,Obědovice,Královéhradecký kraj,7,25,328
548073,Ježov,Kraj Vysočina,2,12,70
548081,Jiřice,Kraj Vysočina,15,69,938
548090,Kaliště,Kraj Vysočina,9,60,376
548103,Kámen,Kraj Vysočina,4,20,268
548111,Kamenice nad Lipou,Kraj Vysočina,154,797,3713
548120,Kejžlice,Kraj Vysočina,7,27,461
548146,Koberovice,Kraj Vysočina,4,13,169
548154,Světí,Královéhradecký kraj,6,27,348
548162,Komorovice,Kraj Vysočina,4,16,215
548171,Košetice,Kraj Vysočina,16,91,750
548197,Nejepín,Kraj Vysočina,4,47,89
548201,Křeč,Kraj Vysočina,8,23,239
548219,Křelovice,Kraj Vysočina,14,79,343
548227,Křešín,Kraj Vysočina,14,70,188
548235,Leskovice,Kraj Vysočina,11,80,118
548243,Horní Paseka,Kraj Vysočina,2,14,72
548251,Podmoky,Kraj Vysočina,3,7,140
548260,Bartoušov,Kraj Vysočina,10,35,188
548278,Břevnice,Kraj Vysočina,3,21,156
548286,Knyk,Kraj Vysočina,5,19,437
548308,Kyjov,Kraj Vysočina,1,1,162
548316,Michalovice,Kraj Vysočina,3,17,220
548324,Skorkov,Kraj Vysočina,1,5,93
548332,Lukavec,Kraj Vysočina,36,187,992
548341,Slavníč,Kraj Vysočina,5,17,72
548359,Ostrov,Kraj Vysočina,7,49,165
548367,Mezilesí,Kraj Vysočina,3,7,106
548375,Čečkovice,Kraj Vysočina,0,0,89
548383,Mladé Bříště,Kraj Vysočina,11,81,296
548391,Mnich,Kraj Vysočina,24,172,409
548405,Moraveč,Kraj Vysočina,7,47,193
548413,Jilem,Kraj Vysočina,3,23,137
548421,Sedletín,Kraj Vysočina,2,2,299
548430,Bezděkov,Kraj Vysočina,7,77,239
548448,Dolní Sokolovec,Kraj Vysočina,2,8,84
548456,Nová Cerekev,Kraj Vysočina,48,249,1170
548464,Nový Rychnov,Kraj Vysočina,43,247,993
548472,Obrataň,Kraj Vysočina,27,135,795
548499,Sloupno,Kraj Vysočina,1,1,41
548502,Onšov,Kraj Vysočina,10,50,246
548511,Pacov,Kraj Vysočina,150,755,4766
548529,Kochánov,Kraj Vysočina,3,5,191
548537,Úhořilka,Kraj Vysočina,1,7,50
548553,Slavětín,Kraj Vysočina,6,28,125
548561,Počátky,Kraj Vysočina,141,828,2509
548570,Kunemil,Kraj Vysočina,2,2,114
548588,Okrouhlička,Kraj Vysočina,3,7,284
548596,Heřmanice,Kraj Vysočina,4,19,53
548600,Pošná,Kraj Vysočina,15,72,259
548618,Kraborovice,Kraj Vysočina,4,16,106
548634,Podmoklany,Kraj Vysočina,2,6,135
548642,Hřibiny-Ledská,Královéhradecký kraj,4,14,379
548651,Libel,Královéhradecký kraj,1,1,173
548669,Rohenice,Královéhradecký kraj,8,71,302
548677,Vysoký Újezd,Královéhradecký kraj,2,8,100
548685,Krchleby,Královéhradecký kraj,1,2,110
548693,Svídnice,Královéhradecký kraj,10,51,166
548707,Vrbice,Královéhradecký kraj,4,22,144
548723,Polom,Královéhradecký kraj,3,10,143
548731,Salačova Lhota,Kraj Vysočina,1,5,137
548740,Samšín,Kraj Vysočina,2,22,157
548758,Proruby,Královéhradecký kraj,1,15,50
548766,Sedlice,Kraj Vysočina,3,4,142
548774,Senožaty,Kraj Vysočina,16,51,838
548791,Chlístov,Královéhradecký kraj,3,15,78
548804,Lampertice,Královéhradecký kraj,35,151,363
548812,Stanovice,Královéhradecký kraj,4,8,60
548821,Borovnička,Královéhradecký kraj,14,105,230
548839,Zábřezí-Řečice,Královéhradecký kraj,1,3,140
548847,Zdobín,Královéhradecký kraj,1,1,137
548855,Bříšťany,Královéhradecký kraj,5,48,257
548863,Milovice u Hořic,Královéhradecký kraj,5,28,315
548880,Sukorady,Královéhradecký kraj,1,1,231
548898,Rokytňany,Královéhradecký kraj,7,19,140
548901,Bílsko u Hořic,Královéhradecký kraj,1,5,120
548910,Ohaveč,Královéhradecký kraj,1,12,139
548928,Kostelec,Královéhradecký kraj,1,4,38
548936,Těmice,Kraj Vysočina,10,45,406
548944,Kovač,Královéhradecký kraj,6,27,143
548952,Budčeves,Královéhradecký kraj,9,28,162
548961,Sedliště,Královéhradecký kraj,1,5,98
548979,Borek,Královéhradecký kraj,5,32,96
548995,Červená Třemešná,Královéhradecký kraj,5,26,176
549002,Včelnička,Kraj Vysočina,12,56,246
549011,Velká Chyška,Kraj Vysočina,7,30,269
549029,Vřesník,Královéhradecký kraj,3,12,100
549037,Choteč,Královéhradecký kraj,6,46,226
549045,Velký Rybník,Kraj Vysočina,6,28,204
549053,Veselá,Kraj Vysočina,6,16,226
549061,Věžná,Kraj Vysočina,9,34,139
549070,Březina,Královéhradecký kraj,2,5,133
549096,Staré Místo,Královéhradecký kraj,21,114,311
549100,Brada-Rybníček,Královéhradecký kraj,1,1,186
549118,Dílce,Královéhradecký kraj,1,2,68
549126,Vojslavice,Kraj Vysočina,2,7,98
549134,Vyklantice,Kraj Vysočina,6,19,147
549142,Vyskytná,Kraj Vysočina,25,207,724
549151,Jinolice,Královéhradecký kraj,1,1,191
549169,Kbelnice,Královéhradecký kraj,3,9,227
549177,Zachotín,Kraj Vysočina,6,57,238
549185,Ohařice,Královéhradecký kraj,1,4,81
549193,Zámostí-Blata,Královéhradecký kraj,4,29,108
549207,Nevratice,Královéhradecký kraj,13,62,181
549215,Želiv,Kraj Vysočina,18,79,1155
549223,Chyjice,Královéhradecký kraj,11,49,172
549231,Žirovnice,Kraj Vysočina,146,863,3207
549240,Písek,Jihočeský kraj,1744,10548,30905
549258,Albrechtice nad Vltavou,Jihočeský kraj,45,202,1002
549266,Bernartice,Jihočeský kraj,41,216,1390
549274,Rašín,Královéhradecký kraj,5,22,102
549282,Butoves,Královéhradecký kraj,9,46,285
549291,Božetice,Jihočeský kraj,2,11,341
549304,Branice,Jihočeský kraj,12,53,304
549312,Kacákova Lhota,Královéhradecký kraj,7,41,173
549321,Cerhonice,Jihočeský kraj,6,22,144
549339,Čimelice,Jihočeský kraj,34,174,1009
549347,Čížová,Jihočeský kraj,41,198,1341
549355,Cholenice,Královéhradecký kraj,9,43,222
549363,Dobev,Jihočeský kraj,21,163,1083
549371,Dražíč,Jihočeský kraj,17,78,284
549380,Drhovle,Jihočeský kraj,30,100,628
549398,Heřmaň,Jihočeský kraj,8,25,308
549401,Pozlovice,Zlínský kraj,20,115,1421
549410,Hrazany,Jihočeský kraj,1,1,285
549428,Hrejkovice,Jihočeský kraj,11,74,520
549436,Komárov,Zlínský kraj,12,68,309
549444,Oldřichovice,Zlínský kraj,13,52,388
549452,Chyšky,Jihočeský kraj,39,243,1062
549461,Pohořelice,Zlínský kraj,28,141,900
549479,Jetětice,Jihočeský kraj,22,183,333
549487,Kestřany,Jihočeský kraj,33,169,742
549495,Kluky,Jihočeský kraj,12,55,619
549509,Kostelec nad Vltavou,Jihočeský kraj,25,104,396
549517,Kovářov,Jihočeský kraj,36,181,1476
549525,Králova Lhota,Jihočeský kraj,10,67,200
549533,Poteč,Zlínský kraj,12,53,748
549541,Kučeř,Jihočeský kraj,2,10,184
549550,Lhotsko,Zlínský kraj,14,76,309
549568,Lety,Jihočeský kraj,10,73,281
549576,Milevsko,Jihočeský kraj,387,2251,8074
549584,Mirotice,Jihočeský kraj,68,452,1251
549592,Mirovice,Jihočeský kraj,140,851,1637
549606,Mišovice,Jihočeský kraj,19,92,270
549614,Myslín,Jihočeský kraj,9,81,94
549622,Lípa,Zlínský kraj,26,139,866
549631,Nadějkov,Jihočeský kraj,22,86,725
549649,Tečovice,Zlínský kraj,33,159,1449
549657,Nevězice,Jihočeský kraj,5,11,139
549665,Raškovice,Moravskoslezský kraj,38,175,2041
549673,Krásná,Moravskoslezský kraj,15,94,721
549681,Orlík nad Vltavou,Jihočeský kraj,9,70,297
549690,Bořenovice,Zlínský kraj,5,24,198
549703,Oslov,Jihočeský kraj,9,31,346
549711,Ostrovec,Jihočeský kraj,32,203,367
549720,Přílepy,Zlínský kraj,21,107,1016
549738,Ponětovice,Jihomoravský kraj,18,150,453
549746,Předklášteří,Jihomoravský kraj,51,220,1456
549754,Podolí I,Jihočeský kraj,21,100,359
549771,Protivín,Jihočeský kraj,297,1826,4787
549789,Říčky,Jihomoravský kraj,7,32,425
549797,Přeštěnice,Jihočeský kraj,10,58,274
549801,Putim,Jihočeský kraj,15,87,564
549827,Ražice,Jihočeský kraj,23,160,414
549835,Milasín,Kraj Vysočina,1,6,48
549843,Sepekov,Jihočeský kraj,43,175,1365
549851,Skály,Jihočeský kraj,15,98,307
549860,Slabčice,Jihočeský kraj,15,87,373
549878,Smetanova Lhota,Jihočeský kraj,10,49,270
549886,Střítež,Kraj Vysočina,2,19,100
549894,Skryje,Jihomoravský kraj,3,22,70
549908,Újezd u Tišnova,Jihomoravský kraj,1,1,139
549916,Pikárec,Kraj Vysočina,4,14,330
549924,Radkov,Kraj Vysočina,4,5,166
549932,Tálín,Jihočeský kraj,4,20,163
549941,Rosička,Kraj Vysočina,1,9,42
549959,Ubušínek,Kraj Vysočina,2,3,90
549967,Hačky,Olomoucký kraj,1,5,123
549975,Veselíčko,Jihočeský kraj,27,136,224
549983,Polomí,Olomoucký kraj,2,21,147
549991,Vráž,Jihočeský kraj,7,18,329
550001,Vrcovice,Jihočeský kraj,7,35,186
550019,Vracovice,Jihomoravský kraj,8,47,193
550027,Záhoří,Jihočeský kraj,40,213,806
550035,Zbelítov,Jihočeský kraj,9,64,324
550043,Zběšičky,Jihočeský kraj,7,30,163
550051,Plenkovice,Jihomoravský kraj,12,44,385
550060,Zhoř,Jihočeský kraj,14,58,315
550078,Přeskače,Jihomoravský kraj,4,22,102
550086,Křídlůvky,Jihomoravský kraj,10,40,244
550094,Prachatice,Jihočeský kraj,572,3853,11250
550108,Kozlany,Jihomoravský kraj,29,141,395
550116,Bohumilice,Jihočeský kraj,26,159,330
550124,Bošice,Jihočeský kraj,8,63,370
550132,Olšany,Jihomoravský kraj,7,41,644
550141,Medlovice,Jihomoravský kraj,9,54,407
550159,Bušanovice,Jihočeský kraj,12,76,264
550167,Čkyně,Jihočeský kraj,47,209,1561
550175,Podomí,Jihomoravský kraj,9,32,455
550183,Dub,Jihočeský kraj,56,427,424
550191,Uhřice,Jihomoravský kraj,17,150,252
550205,Horní Vltavice,Jihočeský kraj,30,188,368
550213,Heršpice,Jihomoravský kraj,15,65,917
550221,Hracholusky,Jihočeský kraj,28,165,492
550230,Husinec,Jihočeský kraj,106,680,1429
550248,Chlumany,Jihočeský kraj,14,93,370
550256,Kašnice,Jihomoravský kraj,9,60,207
550264,Chroboly,Jihočeský kraj,31,132,582
550272,Cvrčovice,Jihomoravský kraj,27,199,661
550281,Hybrálec,Kraj Vysočina,10,35,489
550299,Smrčná,Kraj Vysočina,8,44,462
550302,Kuroslepy,Kraj Vysočina,5,26,156
550311,Třesov,Kraj Vysočina,2,17,101
550329,Ktiš,Jihočeský kraj,75,478,467
550337,Kvilda,Jihočeský kraj,7,33,129
550345,Lažiště,Jihočeský kraj,23,172,316
550353,Lenora,Jihočeský kraj,67,413,661
550361,Lhenice,Jihočeský kraj,117,516,2107
550370,Pokojovice,Kraj Vysočina,1,10,118
550388,Martínkov,Kraj Vysočina,4,10,245
550396,Němčice,Jihočeský kraj,3,11,181
550400,Bohušice,Kraj Vysočina,10,81,129
550418,Malovice,Jihočeský kraj,30,171,656
550426,Mičovice,Jihočeský kraj,9,22,353
550434,Nebahovy,Jihočeský kraj,13,83,613
550442,Netolice,Jihočeský kraj,117,739,2518
550451,Nová Pec,Jihočeský kraj,40,219,460
550469,Pálovice,Kraj Vysočina,8,36,163
550485,Radhostice,Jihočeský kraj,6,35,153
550493,Radkovice u Budče,Kraj Vysočina,7,39,155
550507,Litohoř,Kraj Vysočina,30,152,549
550515,Stachy,Jihočeský kraj,41,180,1148
550523,Stožec,Jihočeský kraj,19,118,215
550531,Strážný,Jihočeský kraj,62,186,418
550540,Strunkovice nad Blanicí,Jihočeský kraj,51,301,1306
550558,Svatá Maří,Jihočeský kraj,16,92,610
550566,Lukov,Kraj Vysočina,13,206,403
550574,Šumavské Hoštice,Jihočeský kraj,5,28,414
550582,Těšovice,Jihočeský kraj,12,102,317
550591,Jiratice,Kraj Vysočina,4,66,76
550604,Tvrzice,Jihočeský kraj,8,46,130
550612,Horní Smrčné,Kraj Vysočina,1,9,54
550621,Vacov,Jihočeský kraj,42,190,1449
550639,Hroznatín,Kraj Vysočina,2,3,111
550647,Vimperk,Jihočeský kraj,589,4206,7390
550655,Vitějovice,Jihočeský kraj,10,32,535
550663,Vlachovo Březí,Jihočeský kraj,68,396,1744
550671,Volary,Jihočeský kraj,399,2559,3736
550680,Záblatí,Jihočeský kraj,18,103,303
550698,Zálezly,Jihočeský kraj,9,31,351
550701,Zbytiny,Jihočeský kraj,13,65,363
550710,Krahulov,Kraj Vysočina,1,31,289
550728,Zdíkov,Jihočeský kraj,73,493,1776
550736,Hostětín,Zlínský kraj,3,30,217
550744,Kunovice,Zlínský kraj,240,1262,5639
550752,Staré Město,Zlínský kraj,239,1150,6638
550761,Želnava,Jihočeský kraj,13,44,129
550779,Naloučany,Kraj Vysočina,2,5,162
550787,Strakonice,Jihočeský kraj,1269,7828,22634
550795,Podbřežice,Jihomoravský kraj,8,48,267
550809,Bavorov,Jihočeský kraj,121,792,1658
550817,Bělčice,Jihočeský kraj,47,371,1004
550825,Holubice,Jihomoravský kraj,26,100,1734
550833,Bílsko,Jihočeský kraj,16,83,212
550841,Jiřice u Moravských Budějovic,Jihomoravský kraj,6,45,57
550850,Blatná,Jihočeský kraj,236,1238,6677
550906,Cehnice,Jihočeský kraj,15,125,512
550922,Čejetice,Jihočeský kraj,48,352,920
550949,Čepřovice,Jihočeský kraj,9,57,215
550957,Čestice,Jihočeský kraj,23,144,907
550965,Číčenice,Jihočeský kraj,24,178,474
550981,Doubravice,Jihočeský kraj,7,38,259
551015,Drahonice,Jihočeský kraj,10,76,412
551023,Drážov,Jihočeský kraj,5,25,225
551040,Dřešín,Jihočeský kraj,4,12,338
551104,Hoslovice,Jihočeský kraj,5,38,168
551121,Hoštice,Jihočeský kraj,8,47,143
551139,Chelčice,Jihočeský kraj,18,67,400
551155,Chrášťovice,Jihočeský kraj,8,20,264
551163,Jinín,Jihočeský kraj,22,135,237
551180,Kadov,Jihočeský kraj,9,53,381
551201,Katovice,Jihočeský kraj,47,241,1347
551261,Kraselov,Jihočeský kraj,10,66,228
551333,Libějovice,Jihočeský kraj,15,70,473
551341,Litochovice,Jihočeský kraj,10,48,292
551350,Lnáře,Jihočeský kraj,77,416,691
551384,Malenice,Jihočeský kraj,13,77,698
551392,Mečichov,Jihočeský kraj,9,66,296
551414,Miloňovice,Jihočeský kraj,16,66,266
551457,Studeněves,Středočeský kraj,21,84,524
551465,Košice,Středočeský kraj,1,6,60
551473,Myštice,Jihočeský kraj,12,68,270
551481,Kněžičky,Středočeský kraj,9,53,195
551490,Branišov,Jihočeský kraj,8,28,276
551503,Čížkrajice,Jihočeský kraj,10,42,266
551520,Nihošovice,Jihočeský kraj,16,37,316
551538,Střítež,Jihočeský kraj,42,224,447
551546,Dubovice,Kraj Vysočina,3,22,80
551554,Novosedly,Jihočeský kraj,9,48,358
551562,Osek,Jihočeský kraj,46,334,642
551571,Paračov,Jihočeský kraj,1,6,118
551589,Horní Rápotice,Kraj Vysočina,2,17,171
551597,Hajany,Jihočeský kraj,5,10,175
551601,Turovec,Jihočeský kraj,3,17,286
551619,Pracejovice,Jihočeský kraj,20,98,328
551627,Předmíř,Jihočeský kraj,10,46,310
551635,Předslavice,Jihočeský kraj,20,122,244
551643,Přešťovice,Jihočeský kraj,18,166,492
551651,Hory,Karlovarský kraj,13,91,429
551660,Radomyšl,Jihočeský kraj,57,294,1368
551678,Radošovice,Jihočeský kraj,12,49,640
551686,Podmokly,Plzeňský kraj,4,5,152
551694,Velká Štáhle,Moravskoslezský kraj,12,28,323
551708,Dlouhá Stráň,Moravskoslezský kraj,2,9,120
551716,Sedlice,Jihočeský kraj,33,254,1295
551724,Mezina,Moravskoslezský kraj,32,209,390
551732,Moravskoslezský Kočov,Moravskoslezský kraj,29,157,593
551741,Skočice,Jihočeský kraj,14,95,247
551759,Sousedovice,Jihočeský kraj,6,42,376
551767,Staré Město,Moravskoslezský kraj,41,149,910
551775,Strašice,Jihočeský kraj,9,83,174
551783,Valšov,Moravskoslezský kraj,22,77,249
551791,Střelské Hoštice,Jihočeský kraj,33,191,896
551805,Horní Životice,Moravskoslezský kraj,17,75,339
551813,Staré Heřminovy,Moravskoslezský kraj,10,33,210
551821,Tvrdkov,Moravskoslezský kraj,12,40,240
551830,Škvořetice,Jihočeský kraj,13,76,317
551848,Petrovice,Moravskoslezský kraj,9,61,145
551856,Štěkeň,Jihočeský kraj,27,128,848
551864,Dívčí Hrad,Moravskoslezský kraj,81,442,297
551872,Hlinka,Moravskoslezský kraj,52,257,201
551881,Slezské Pavlovice,Moravskoslezský kraj,46,276,183
551899,Třebohostice,Jihočeský kraj,9,76,307
551902,Malá Štáhle,Moravskoslezský kraj,9,39,114
551911,Stará Ves,Moravskoslezský kraj,23,79,471
551929,Andělská Hora,Moravskoslezský kraj,38,227,392
551937,Uzenice,Jihočeský kraj,8,66,113
551945,Rudná pod Pradědem,Moravskoslezský kraj,43,189,349
551953,Vodňany,Jihočeský kraj,344,2170,7514
551961,Volenice,Jihočeský kraj,29,170,572
551970,Volyně,Jihočeský kraj,174,1012,2968
551988,Záboří,Jihočeský kraj,16,75,339
551996,Ludvíkov,Moravskoslezský kraj,14,107,278
552003,Čaková,Moravskoslezský kraj,21,72,329
552011,Štarnov,Olomoucký kraj,16,85,862
552020,Hlušovice,Olomoucký kraj,17,79,1084
552038,Loučka,Olomoucký kraj,16,81,212
552046,Tábor,Jihočeský kraj,2029,12656,34400
552054,Bechyně,Jihočeský kraj,272,1955,4863
552062,Bílsko,Olomoucký kraj,4,22,230
552071,Dubčany,Olomoucký kraj,9,63,280
552089,Tovéř,Olomoucký kraj,19,112,650
552097,Borkovice,Jihočeský kraj,7,46,251
552101,Borotín,Jihočeský kraj,29,211,683
552119,Věrovany,Olomoucký kraj,30,198,1414
552127,Bradáčov,Jihočeský kraj,3,20,47
552135,Březnice,Jihočeský kraj,9,49,249
552143,Budislav,Jihočeský kraj,16,82,377
552151,Skrbeň,Olomoucký kraj,39,238,1127
552160,Pňovice,Olomoucký kraj,45,246,1011
552178,Haňovice,Olomoucký kraj,12,62,467
552186,Červenka,Olomoucký kraj,29,113,1441
552194,Slavětín,Olomoucký kraj,11,63,201
552208,Dírná,Jihočeský kraj,13,70,419
552216,Luběnice,Olomoucký kraj,11,59,498
552224,Dobronice u Bechyně,Jihočeský kraj,1,6,111
552232,Loučany,Olomoucký kraj,16,124,631
552241,Dolní Hořice,Jihočeský kraj,34,171,838
552259,Olbramice,Olomoucký kraj,11,60,217
552267,Senička,Olomoucký kraj,8,55,364
552275,Dráchov,Jihočeský kraj,8,41,231
552283,Dražice,Jihočeský kraj,29,187,842
552291,Dražičky,Jihočeský kraj,3,39,174
552305,Lipina,Olomoucký kraj,3,32,168
552313,Domašov u Šternberka,Olomoucký kraj,23,145,344
552321,Hlavatce,Jihočeský kraj,10,28,442
552330,Hlásnice,Olomoucký kraj,1,1,249
552348,Mladějovice,Olomoucký kraj,39,229,722
552356,Babice,Olomoucký kraj,7,49,449
552364,Ústín,Olomoucký kraj,30,161,444
552372,Medlov,Olomoucký kraj,70,413,1679
552381,Nová Hradečná,Olomoucký kraj,16,56,740
552399,Želechovice,Olomoucký kraj,5,32,248
552402,Bukovany,Olomoucký kraj,18,96,693
552411,Přáslavice,Olomoucký kraj,93,583,1494
552429,Svésedlice,Olomoucký kraj,9,67,281
552437,Krčmaň,Olomoucký kraj,14,75,505
552445,Daskabát,Olomoucký kraj,13,62,623
552453,Chotěmice,Jihočeský kraj,1,2,119
552461,Chotoviny,Jihočeský kraj,34,250,1910
552470,Choustník,Jihočeský kraj,7,28,476
552488,Vojkovice,Moravskoslezský kraj,10,36,781
552496,Chýnov,Jihočeský kraj,78,466,2561
552500,Pazderna,Moravskoslezský kraj,9,61,389
552518,Nošovice,Moravskoslezský kraj,34,213,1027
552526,Nižní Lhoty,Moravskoslezský kraj,5,24,293
552534,Jistebnice,Jihočeský kraj,73,463,2145
552542,Dobratice,Moravskoslezský kraj,13,58,1382
552551,Staré Město,Moravskoslezský kraj,45,232,1530
552569,Staříč,Moravskoslezský kraj,68,287,2251
552577,Pstruží,Moravskoslezský kraj,19,88,1083
552585,Košice,Jihočeský kraj,25,142,782
552593,Malenovice,Moravskoslezský kraj,13,55,804
552607,Dolní Tošanovice,Moravskoslezský kraj,6,20,382
552615,Vělopolí,Moravskoslezský kraj,8,28,297
552623,Třanovice,Moravskoslezský kraj,17,85,1093
552631,Horní Tošanovice,Moravskoslezský kraj,16,75,694
552640,Řeka,Moravskoslezský kraj,20,99,561
552658,Smilovice,Moravskoslezský kraj,12,71,855
552666,Malšice,Jihočeský kraj,67,316,1905
552674,Střítež,Moravskoslezský kraj,22,74,1063
552682,Vyšní Lhoty,Moravskoslezský kraj,12,52,907
552691,Žabeň,Moravskoslezský kraj,37,211,955
552704,Mladá Vožice,Jihočeský kraj,91,496,2715
552712,Mlýny,Jihočeský kraj,4,24,123
552721,Myslkovice,Jihočeský kraj,20,125,422
552739,Horní Suchá,Moravskoslezský kraj,398,2033,4408
552747,Nemyšl,Jihočeský kraj,26,151,318
552755,Věžky,Olomoucký kraj,6,32,202
552763,Nová Ves u Chýnova,Jihočeský kraj,2,6,326
552771,Čechy,Olomoucký kraj,11,70,329
552780,Křtomil,Olomoucký kraj,6,29,410
552798,Oldřichov,Jihočeský kraj,12,79,231
552801,Opařany,Jihočeský kraj,43,231,1451
552810,Nahošovice,Olomoucký kraj,6,17,154
552828,Planá nad Lužnicí,Jihočeský kraj,176,1135,4543
552836,Turovice,Olomoucký kraj,17,49,238
552844,Olšovec,Olomoucký kraj,14,104,509
552852,Pohnání,Jihočeský kraj,3,16,80
552861,Pojbuky,Jihočeský kraj,1,5,114
552879,Uhřičice,Olomoucký kraj,46,234,523
552887,Stříbrnice,Olomoucký kraj,21,101,253
552895,Přehořov,Jihočeský kraj,29,162,341
552909,Měrovice nad Hanou,Olomoucký kraj,60,287,696
552917,Radenín,Jihočeský kraj,27,127,517
552925,Radětice,Jihočeský kraj,12,71,247
552933,Radimovice u Želče,Jihočeský kraj,8,39,418
552941,Radkov,Jihočeský kraj,3,14,162
552950,Šišma,Olomoucký kraj,4,15,217
552976,Rataje,Jihočeský kraj,13,79,215
552992,Ratibořské Hory,Jihočeský kraj,33,104,795
553000,Oplocany,Olomoucký kraj,55,378,368
553018,Roudná,Jihočeský kraj,15,106,590
553026,Valašská Senice,Zlínský kraj,12,67,426
553034,Řepeč,Jihočeský kraj,6,18,293
553042,Mladecko,Moravskoslezský kraj,4,20,148
553051,Dolní Životice,Moravskoslezský kraj,20,68,1043
553069,Sezimovo Ústí,Jihočeský kraj,288,1903,7155
553077,Skalice,Jihočeský kraj,6,58,510
553085,Skopytce,Jihočeský kraj,2,12,174
553093,Hlavnice,Moravskoslezský kraj,14,45,676
553107,Bratříkovice,Moravskoslezský kraj,3,11,158
553115,Lhotka u Litultovic,Moravskoslezský kraj,8,35,222
553123,Smilovy Hory,Jihočeský kraj,17,74,347
553131,Soběslav,Jihočeský kraj,306,2079,7025
553140,Stádlec,Jihočeský kraj,13,34,583
553158,Neplachovice,Moravskoslezský kraj,15,95,1066
553166,Sudoměřice u Bechyně,Jihočeský kraj,22,120,773
553174,Sudoměřice u Tábora,Jihočeský kraj,9,40,322
553182,Sviny,Jihočeský kraj,12,88,323
553191,Vikantice,Olomoucký kraj,4,22,77
553204,Šebířov,Jihočeský kraj,15,71,345
553212,Janoušov,Olomoucký kraj,2,14,50
553221,Hrabová,Olomoucký kraj,15,78,697
553239,Tučapy,Jihočeský kraj,25,127,803
553247,Kopřivná,Olomoucký kraj,48,209,297
553255,Val,Jihočeský kraj,5,18,254
553263,Vesce,Jihočeský kraj,12,53,293
553271,Veselí nad Lužnicí,Jihočeský kraj,398,2438,6564
553280,Vilice,Jihočeský kraj,2,5,146
553298,Vlastiboř,Jihočeský kraj,10,47,329
553301,Hradec-Nová Ves,Olomoucký kraj,19,79,390
553310,Vlkov,Jihočeský kraj,3,7,167
553328,Vodice,Jihočeský kraj,4,18,153
553336,Třeština,Olomoucký kraj,12,33,395
553344,Jakubovice,Olomoucký kraj,10,61,214
553352,Postřelmůvek,Olomoucký kraj,8,49,304
553361,Zálší,Jihočeský kraj,10,65,232
553379,Dolní Studénky,Olomoucký kraj,38,157,1428
553387,Hraběšice,Olomoucký kraj,2,6,197
553395,Rejchartice,Olomoucký kraj,20,83,172
553409,Zvěrotice,Jihočeský kraj,6,39,396
553417,Želeč,Jihočeský kraj,28,115,1044
553425,Domažlice,Plzeňský kraj,637,3207,11112
553433,Babylon,Plzeňský kraj,12,65,365
553441,Bělá nad Radbuzou,Plzeňský kraj,142,689,1727
553450,Blížejov,Plzeňský kraj,95,582,1627
553468,Velká Kraš,Olomoucký kraj,72,340,714
553476,Nemile,Olomoucký kraj,16,62,672
553484,Skorošice,Olomoucký kraj,41,207,700
553492,Závada,Moravskoslezský kraj,5,28,618
553506,Bukovec,Plzeňský kraj,5,48,119
553514,Čermná,Plzeňský kraj,9,37,258
553531,Černíkov,Plzeňský kraj,17,44,382
553549,Česká Kubice,Plzeňský kraj,75,318,953
553557,Díly,Plzeňský kraj,4,15,385
553565,Polánka,Plzeňský kraj,4,15,46
553573,Drahotín,Plzeňský kraj,36,188,195
553581,Draženov,Plzeňský kraj,12,69,430
553590,Nezbavětice,Plzeňský kraj,3,21,262
553603,Studená,Plzeňský kraj,1,2,33
553611,Litohlavy,Plzeňský kraj,14,95,551
553620,Hlohová,Plzeňský kraj,21,112,290
553638,Tachov,Liberecký kraj,38,179,225
553646,Dolánky nad Ohří,Ústecký kraj,16,53,285
553654,Holýšov,Plzeňský kraj,309,1618,5623
553662,Horní Kamenice,Plzeňský kraj,16,109,252
553671,Horšovský Týn,Plzeňský kraj,297,1483,5181
553689,Hostouň,Plzeňský kraj,105,552,1224
553697,Trmice,Ústecký kraj,834,6416,3334
553701,Bačalky,Královéhradecký kraj,6,44,160
553719,Srnojedy,Pardubický kraj,17,100,785
553727,Chocomyšl,Plzeňský kraj,1,1,121
553735,Chodov,Plzeňský kraj,43,126,771
553743,Chodská Lhota,Plzeňský kraj,28,171,409
553751,Chrastavice,Plzeňský kraj,11,54,376
553760,Běstovice,Pardubický kraj,5,48,446
553786,Kdyně,Plzeňský kraj,280,1660,5175
553794,Klenčí pod Čerchovem,Plzeňský kraj,85,406,1479
553816,Koloveč,Plzeňský kraj,38,218,1020
553824,Kout na Šumavě,Plzeňský kraj,42,244,1103
553832,Křenovy,Plzeňský kraj,4,27,147
553841,Kvíčovice,Plzeňský kraj,18,100,459
553859,Libkov,Plzeňský kraj,3,8,121
553867,Loučim,Plzeňský kraj,6,33,123
553875,Louka,Jihomoravský kraj,1,1,62
553891,Luženičky,Plzeňský kraj,7,50,419
553905,Mrlínek,Zlínský kraj,13,74,268
553913,Meclov,Plzeňský kraj,49,260,1198
553921,Mezholezy,Plzeňský kraj,6,54,117
553930,Mezholezy,Plzeňský kraj,5,20,127
553948,Milavče,Plzeňský kraj,12,66,594
553956,Mířkov,Plzeňský kraj,52,346,319
553964,Častohostice,Kraj Vysočina,14,73,193
553972,Rybníček,Jihomoravský kraj,11,69,268
553981,Mrákov,Plzeňský kraj,22,141,1168
553999,Mutěnín,Plzeňský kraj,30,178,268
554006,Nemanice,Plzeňský kraj,62,326,289
554014,Návsí,Moravskoslezský kraj,75,331,3859
554022,Neuměř,Plzeňský kraj,2,5,147
554031,Nevolice,Plzeňský kraj,3,12,194
554049,Olbramice,Moravskoslezský kraj,13,59,721
554057,Nový Kramolín,Plzeňský kraj,27,216,231
554065,Jakubčovice nad Odrou,Moravskoslezský kraj,23,117,638
554073,Osvračín,Plzeňský kraj,31,156,675
554081,Pasečnice,Plzeňský kraj,5,11,193
554090,Pec,Plzeňský kraj,11,61,220
554103,Řídeč,Olomoucký kraj,7,38,191
554111,Poběžovice,Plzeňský kraj,90,435,1530
554120,Pocinovice,Plzeňský kraj,18,138,602
554138,Postřekov,Plzeňský kraj,15,75,1117
554146,Vernířovice,Olomoucký kraj,8,48,189
554154,Puclice,Plzeňský kraj,19,87,367
554162,Crhov,Jihomoravský kraj,3,24,165
554171,Šenov u Nového Jičína,Moravskoslezský kraj,93,394,2068
554189,Rybník,Plzeňský kraj,27,199,157
554197,Branka u Opavy,Moravskoslezský kraj,20,150,1065
554201,Semněvice,Plzeňský kraj,64,457,234
554251,Spáňov,Plzeňský kraj,5,17,212
554260,Srbice,Plzeňský kraj,17,103,388
554278,Srby,Plzeňský kraj,18,85,489
554294,Staňkov,Plzeňský kraj,164,1016,3408
554316,Stráž,Plzeňský kraj,8,56,218
554341,Tlumačov,Plzeňský kraj,12,38,407
554359,Trhanov,Plzeňský kraj,21,117,525
554383,Újezd,Plzeňský kraj,9,72,437
554391,Únějovice,Plzeňský kraj,9,52,104
554405,Úsilov,Plzeňský kraj,2,17,122
554413,Velký Malahov,Plzeňský kraj,28,217,251
554421,Vidice,Plzeňský kraj,4,27,173
554448,Všepadly,Plzeňský kraj,1,5,47
554456,Všeruby,Plzeňský kraj,65,321,795
554464,Zahořany,Plzeňský kraj,33,154,1070
554472,Ždánov,Plzeňský kraj,3,33,149
554481,Cheb,Karlovarský kraj,3466,16102,32531
554499,Aš,Karlovarský kraj,1743,8772,12812
554502,Dolní Žandov,Karlovarský kraj,120,625,1191
554511,Drmoul,Karlovarský kraj,34,152,1014
554529,Františkovy Lázně,Karlovarský kraj,352,1495,5765
554545,Hazlov,Karlovarský kraj,134,558,1523
554553,Hranice,Karlovarský kraj,243,1075,2091
554596,Křižovatka,Karlovarský kraj,12,59,253
554600,Lázně Kynžvart,Karlovarský kraj,102,534,1475
554618,Libá,Karlovarský kraj,43,179,819
554626,Lipová,Karlovarský kraj,48,230,730
554634,Luby,Karlovarský kraj,246,1402,2296
554642,Mariánské Lázně,Karlovarský kraj,1045,5116,14176
554651,Milhostov,Karlovarský kraj,39,139,315
554677,Mnichov,Karlovarský kraj,30,210,392
554693,Nebanice,Karlovarský kraj,20,110,341
554707,Nový Kostel,Karlovarský kraj,64,342,516
554740,Plesná,Karlovarský kraj,180,865,1900
554782,Praha,Hlavní město Praha,67787,352028,1374334
554791,Plzeň,Plzeňský kraj,12576,62329,183722
554804,Ústí nad Labem,Ústecký kraj,12298,96463,91637
554812,Skalná,Karlovarský kraj,152,701,1919
554821,Ostrava,Moravskoslezský kraj,28763,166494,284468
554847,Mrákotín,Pardubický kraj,10,55,332
554855,Trstěnice,Karlovarský kraj,36,193,457
554863,Dolní Brusnice,Královéhradecký kraj,13,96,384
554871,Střítež,Kraj Vysočina,10,71,562
554880,Tři Sekery,Karlovarský kraj,91,447,1041
554898,Rostěnice-Zvonovice,Jihomoravský kraj,36,252,601
554901,Křelov-Břuchotín,Olomoucký kraj,36,191,1917
554910,Vražné,Moravskoslezský kraj,34,193,838
554928,Vendryně,Moravskoslezský kraj,60,252,4493
554936,Bítov,Moravskoslezský kraj,8,24,490
554944,Mrsklesy,Olomoucký kraj,32,120,700
554952,Otradov,Pardubický kraj,10,32,280
554961,Karlovy Vary,Karlovarský kraj,4175,20521,49394
554979,Abertamy,Karlovarský kraj,114,524,854
554995,Bečov nad Teplou,Karlovarský kraj,61,326,917
555029,Bochov,Karlovarský kraj,198,1095,1891
555045,Božičany,Karlovarský kraj,45,173,665
555088,Havířov,Moravskoslezský kraj,7206,38848,70093
555134,Pardubice,Pardubický kraj,5645,31312,92418
555169,Horní Blatná,Karlovarský kraj,51,254,378
555185,Hroznětín,Karlovarský kraj,174,896,2095
555193,Těchlovice,Ústecký kraj,39,247,533
555207,Chyše,Karlovarský kraj,33,157,583
555215,Jáchymov,Karlovarský kraj,322,1841,2376
555223,Velké Chvojno,Ústecký kraj,57,355,864
555231,Suchohrdly,Jihomoravský kraj,31,193,1402
555240,Semanín,Pardubický kraj,35,174,617
555258,Kolová,Karlovarský kraj,33,136,903
555266,Nová Ves u Světlé,Kraj Vysočina,14,61,539
555274,Nové Sedlice,Moravskoslezský kraj,10,79,503
555282,Kurdějov,Jihomoravský kraj,11,28,446
555291,Chotěbuz,Moravskoslezský kraj,27,157,1393
555304,Krásné Údolí,Karlovarský kraj,31,204,391
555312,Kujavy,Moravskoslezský kraj,32,109,555
555347,Kyselka,Karlovarský kraj,35,162,836
555363,Merklín,Karlovarský kraj,82,351,891
555380,Nejdek,Karlovarský kraj,651,3190,7824
555398,Nová Role,Karlovarský kraj,253,1312,4238
555428,Ostrov,Karlovarský kraj,1326,7162,15865
555444,Otročín,Karlovarský kraj,31,170,436
555452,Pernink,Karlovarský kraj,51,183,609
555479,Potůčky,Karlovarský kraj,46,169,419
555525,Pšov,Karlovarský kraj,97,523,601
555533,Sadov,Karlovarský kraj,66,276,1285
555550,Stanovice,Karlovarský kraj,62,355,633
555584,Stráž nad Ohří,Karlovarský kraj,43,191,560
555592,Stružná,Karlovarský kraj,47,238,610
555614,Šemnice,Karlovarský kraj,42,202,687
555622,Štědrá,Karlovarský kraj,51,290,526
555631,Teplá,Karlovarský kraj,424,2625,2920
555657,Toužim,Karlovarský kraj,322,1848,3515
555681,Útvina,Karlovarský kraj,50,222,577
555690,Valeč,Karlovarský kraj,38,203,342
555703,Velichov,Karlovarský kraj,40,189,497
555711,Verušičky,Karlovarský kraj,87,585,468
555738,Vojkovice,Karlovarský kraj,61,332,615
555762,Žlutice,Karlovarský kraj,225,1382,2202
555771,Klatovy,Plzeňský kraj,1000,4828,22879
555797,Běšiny,Plzeňský kraj,20,104,810
555801,Bezděkov,Plzeňský kraj,41,261,951
555835,Bolešiny,Plzeňský kraj,15,112,766
555894,Budětice,Plzeňský kraj,11,42,295
555941,Čachrov,Plzeňský kraj,32,235,501
556041,Dešenice,Plzeňský kraj,42,204,702
556068,Dlažov,Plzeňský kraj,60,461,485
556076,Dlouhá Ves,Plzeňský kraj,52,342,890
556084,Prášily,Plzeňský kraj,8,47,154
556106,Dolany,Plzeňský kraj,24,135,971
556181,Hartmanice,Plzeňský kraj,76,305,945
556203,Hlavňovice,Plzeňský kraj,5,24,496
556254,Horažďovice,Plzeňský kraj,212,1083,5119
556301,Hrádek,Plzeňský kraj,41,211,1365
556319,Hradešice,Plzeňský kraj,15,87,428
556335,Chanovice,Plzeňský kraj,18,91,798
556343,Chlistov,Plzeňský kraj,5,35,136
556378,Chudenice,Plzeňský kraj,31,158,765
556386,Chudenín,Plzeňský kraj,39,191,725
556394,Janovice nad Úhlavou,Plzeňský kraj,112,613,2407
556432,Kašperské Hory,Plzeňský kraj,75,366,1405
556467,Kolinec,Plzeňský kraj,70,440,1457
556505,Křenice,Plzeňský kraj,6,39,221
556629,Malý Bor,Plzeňský kraj,27,201,496
556637,Měčín,Plzeňský kraj,42,229,1123
556718,Mochtín,Plzeňský kraj,33,169,1142
556726,Mokrosuky,Plzeňský kraj,2,8,141
556734,Myslív,Plzeňský kraj,22,124,430
556751,Nalžovské Hory,Plzeňský kraj,39,192,1209
556815,Nezdice na Šumavě,Plzeňský kraj,9,38,336
556831,Nýrsko,Plzeňský kraj,276,1177,5089
556858,Bravantice,Moravskoslezský kraj,42,216,1031
556866,Lhota u Vsetína,Zlínský kraj,22,101,786
556874,Petrůvka,Zlínský kraj,21,114,314
556882,Rabštejnská Lhota,Pardubický kraj,7,28,880
556912,Pačejov,Plzeňský kraj,36,248,706
556921,Petrovice u Sušice,Plzeňský kraj,12,40,628
556947,Pila,Karlovarský kraj,20,119,585
556955,Plánice,Plzeňský kraj,58,300,1618
556963,Spešov,Jihomoravský kraj,10,54,653
556971,Ropice,Moravskoslezský kraj,33,231,1738
556980,Rokytnice,Zlínský kraj,8,23,580
556998,Jezernice,Olomoucký kraj,11,47,662
557005,Předslav,Plzeňský kraj,21,88,831
557013,Rabí,Plzeňský kraj,15,85,483
557021,Rejštejn,Plzeňský kraj,15,75,246
557030,Skorkov,Středočeský kraj,20,81,688
557048,Mouřínov,Jihomoravský kraj,33,218,483
557081,Sytno,Plzeňský kraj,32,134,272
557099,Soběšice,Plzeňský kraj,11,69,387
557102,Bohuslavice nad Vláří,Zlínský kraj,5,20,364
557111,Srní,Plzeňský kraj,15,32,267
557129,Strašín,Plzeňský kraj,18,101,308
557137,Strážov,Plzeňský kraj,45,227,1366
557145,Lukoveček,Zlínský kraj,2,5,460
557153,Sušice,Plzeňský kraj,494,2483,10822
557161,Svéradice,Plzeňský kraj,10,62,308
557170,Ostrata,Zlínský kraj,21,157,430
557188,Šelešovice,Zlínský kraj,18,94,353
557196,Pavlovice u Kojetína,Olomoucký kraj,21,118,284
557200,Švihov,Plzeňský kraj,41,185,1668
557218,Kobylá nad Vidnavkou,Olomoucký kraj,51,231,388
557226,Písečná,Moravskoslezský kraj,12,50,1075
557366,Velhartice,Plzeňský kraj,25,119,848
557374,Velké Hydčice,Plzeňský kraj,6,22,249
557382,Velký Bor,Plzeňský kraj,31,133,574
557455,Vrhaveč,Plzeňský kraj,16,114,911
557463,Zavlekov,Plzeňský kraj,15,67,422
557528,Železná Ruda,Plzeňský kraj,118,533,1658
557536,Žihobce,Plzeňský kraj,13,57,574
557544,Žichovice,Plzeňský kraj,30,122,636
557587,Blovice,Plzeňský kraj,167,898,4180
557641,Čižice,Plzeňský kraj,8,50,562
557650,Čížkov,Plzeňský kraj,36,166,658
557668,Dnešice,Plzeňský kraj,40,186,930
557676,Dobřany,Plzeňský kraj,282,1556,6362
557684,Dolní Lukavice,Plzeňský kraj,36,209,1104
557722,Horšice,Plzeňský kraj,18,129,436
557731,Hradec,Plzeňský kraj,26,116,601
557749,Hradiště,Plzeňský kraj,11,50,218
557773,Chlum,Plzeňský kraj,9,67,237
557781,Chlumčany,Plzeňský kraj,150,910,2446
557803,Chocenice,Plzeňský kraj,14,100,619
557838,Chotěšov,Plzeňský kraj,179,984,3104
557846,Chválenice,Plzeňský kraj,14,56,782
557862,Kasejovice,Plzeňský kraj,68,397,1379
557871,Kbel,Plzeňský kraj,14,50,293
557897,Klášter,Plzeňský kraj,17,58,231
557943,Kramolín,Plzeňský kraj,5,49,118
557951,Letiny,Plzeňský kraj,45,145,679
558001,Losiná,Plzeňský kraj,17,106,1420
558010,Louňová,Plzeňský kraj,3,9,113
558028,Lužany,Plzeňský kraj,15,74,674
558044,Merklín,Plzeňský kraj,52,250,1193
558052,Mileč,Plzeňský kraj,12,86,348
558061,Mladý Smolivec,Plzeňský kraj,58,275,676
558079,Mohelnice,Plzeňský kraj,16,62,74
558095,Nekvasovy,Plzeňský kraj,12,64,191
558109,Nepomuk,Plzeňský kraj,151,891,3535
558117,Netunice,Plzeňský kraj,4,9,215
558125,Neurazy,Plzeňský kraj,49,266,720
558141,Nezvěstice,Plzeňský kraj,36,239,1451
558176,Nové Mitrovice,Plzeňský kraj,11,132,351
558184,Oselce,Plzeňský kraj,34,147,354
558231,Prádlo,Plzeňský kraj,3,12,218
558249,Přeštice,Plzeňský kraj,294,1573,6793
558257,Příchovice,Plzeňský kraj,22,121,1189
558265,Ptenín,Plzeňský kraj,15,101,211
558290,Roupov,Plzeňský kraj,9,39,279
558303,Řenče,Plzeňský kraj,26,105,914
558311,Seč,Plzeňský kraj,9,37,326
558346,Soběkury,Plzeňský kraj,11,73,617
558362,Spálené Poříčí,Plzeňský kraj,133,899,3003
558371,Starý Plzenec,Plzeňský kraj,141,777,5436
558389,Stod,Plzeňský kraj,183,1027,3605
558401,Střížovice,Plzeňský kraj,6,27,381
558419,Držovice,Olomoucký kraj,51,246,1585
558427,Šťáhlavy,Plzeňský kraj,54,240,2932
558435,Štěnovice,Plzeňský kraj,47,206,2324
558443,Ladná,Jihomoravský kraj,34,161,1257
558460,Tymákov,Plzeňský kraj,16,52,1053
558486,Útušice,Plzeňský kraj,21,100,724
558494,Ves Touškov,Plzeňský kraj,14,79,341
558559,Vrčeň,Plzeňský kraj,20,119,379
558567,Vstiš,Plzeňský kraj,21,140,565
558583,Zdemyslice,Plzeňský kraj,11,66,654
558591,Zemětice,Plzeňský kraj,10,50,323
558605,Ždírec,Plzeňský kraj,23,114,485
558630,Žinkovy,Plzeňský kraj,45,220,870
558656,Bezvěrov,Plzeňský kraj,51,205,659
558672,Blatnice,Plzeňský kraj,26,116,895
558699,Bučí,Plzeňský kraj,4,34,184
558711,Čeminy,Plzeňský kraj,17,90,307
558745,Česká Bříza,Plzeňský kraj,9,41,602
558770,Dobříč,Plzeňský kraj,12,56,420
558788,Dolany,Plzeňský kraj,9,63,296
558796,Dolní Bělá,Plzeňský kraj,22,88,454
558800,Dolní Hradiště,Plzeňský kraj,6,13,63
558834,Druztová,Plzeňský kraj,20,82,805
558851,Dýšina,Plzeňský kraj,71,318,1988
558869,Heřmanova Huť,Plzeňský kraj,136,792,1916
558877,Horní Bělá,Plzeňský kraj,16,55,594
558885,Horní Bříza,Plzeňský kraj,305,1472,4261
558915,Hromnice,Plzeňský kraj,29,149,1311
558931,Hvozd,Plzeňský kraj,7,36,252
558940,Chotíkov,Plzeňský kraj,23,93,1273
558966,Chrást,Plzeňský kraj,58,341,1893
558974,Chříč,Plzeňský kraj,22,85,243
558982,Jarov,Plzeňský kraj,5,14,145
558991,Kaceřov,Plzeňský kraj,11,100,150
559008,Kaznějov,Plzeňský kraj,143,832,3108
559024,Kopidlo,Plzeňský kraj,1,1,146
559032,Koryta,Plzeňský kraj,2,15,115
559041,Kozojedy,Plzeňský kraj,30,154,620
559059,Kozolupy,Plzeňský kraj,54,321,1093
559067,Kožlany,Plzeňský kraj,66,362,1546
559075,Kralovice,Plzeňský kraj,175,813,3526
559083,Krašovice,Plzeňský kraj,11,44,361
559091,Krsy,Plzeňský kraj,29,150,265
559105,Křelovice,Plzeňský kraj,23,121,241
559121,Kunějovice,Plzeňský kraj,28,148,182
559130,Kyšice,Plzeňský kraj,20,65,1105
559148,Ledce,Plzeňský kraj,21,135,889
559164,Líně,Plzeňský kraj,149,724,2855
559172,Líšťany,Plzeňský kraj,60,397,769
559202,Manětín,Plzeňský kraj,40,232,1136
559211,Město Touškov,Plzeňský kraj,72,413,2378
559237,Mladotice,Plzeňský kraj,19,103,565
559245,Mrtník,Plzeňský kraj,6,11,343
559253,Nadryby,Plzeňský kraj,3,32,136
559261,Nečtiny,Plzeňský kraj,50,261,622
559270,Nekmíř,Plzeňský kraj,10,49,539
559288,Nevřeň,Plzeňský kraj,10,39,304
559300,Nýřany,Plzeňský kraj,452,2425,6953
559318,Obora,Plzeňský kraj,14,86,607
559326,Ostrov u Bezdružic,Plzeňský kraj,8,38,194
559334,Pernarec,Plzeňský kraj,50,237,739
559351,Plasy,Plzeňský kraj,167,777,2993
559369,Plešnice,Plzeňský kraj,9,52,286
559377,Pňovany,Plzeňský kraj,22,115,534
559393,Přehýšov,Plzeňský kraj,33,162,559
559423,Rochlov,Plzeňský kraj,16,94,311
559431,Rybnice,Plzeňský kraj,20,109,612
559482,Tis u Blatna,Plzeňský kraj,10,44,105
559491,Tlučná,Plzeňský kraj,107,543,3367
559504,Trnová,Plzeňský kraj,18,83,978
559521,Třemošná,Plzeňský kraj,193,1158,5039
559555,Úlice,Plzeňský kraj,17,48,454
559563,Úněšov,Plzeňský kraj,34,146,631
559571,Úterý,Plzeňský kraj,50,265,448
559580,Vejprnice,Plzeňský kraj,85,420,4506
559601,Vochov,Plzeňský kraj,29,158,1600
559628,Všeruby,Plzeňský kraj,93,436,1720
559661,Zbůch,Plzeňský kraj,198,905,2961
559679,Zruč-Senec,Plzeňský kraj,77,318,3464
559695,Žihle,Plzeňský kraj,80,419,1292
559709,Žilov,Plzeňský kraj,12,63,457
559717,Rokycany,Plzeňský kraj,1150,6452,14399
559725,Břasy,Plzeňský kraj,87,497,2297
559733,Březina,Plzeňský kraj,13,67,388
559741,Bujesily,Plzeňský kraj,2,16,80
559750,Bušovice,Plzeňský kraj,11,66,634
559768,Cekov,Plzeňský kraj,5,58,175
559776,Dobřív,Plzeňský kraj,50,262,1351
559792,Ejpovice,Plzeňský kraj,18,114,779
559806,Hlohovice,Plzeňský kraj,20,92,353
559814,Holoubkov,Plzeňský kraj,77,533,1458
559822,Hrádek,Plzeňský kraj,193,1103,2811
559849,Hůrky,Plzeňský kraj,5,11,233
559857,Cheznovice,Plzeňský kraj,17,81,754
559903,Kařez,Plzeňský kraj,48,204,714
559911,Klabava,Plzeňský kraj,14,101,508
559920,Kladruby,Plzeňský kraj,13,69,158
559946,Lhotka u Radnic,Plzeňský kraj,8,38,78
559954,Liblín,Plzeňský kraj,27,123,253
559962,Líšná,Plzeňský kraj,7,71,201
559997,Mirošov,Plzeňský kraj,70,329,2238
560006,Mlečice,Plzeňský kraj,17,79,309
560014,Mýto,Plzeňský kraj,58,262,1584
560057,Osek,Plzeňský kraj,42,183,1437
560081,Podmokly,Plzeňský kraj,10,39,246
560111,Přívětice,Plzeňský kraj,9,43,210
560120,Radnice,Plzeňský kraj,100,465,1838
560146,Sebečice,Plzeňský kraj,4,17,74
560162,Strašice,Plzeňský kraj,206,1169,2867
560189,Těně,Plzeňský kraj,8,36,317
560197,Lažany,Jihočeský kraj,2,3,53
560201,Nová Ves,Jihočeský kraj,8,56,92
560219,Drachkov,Jihočeský kraj,1,1,204
560227,Vejvanov,Plzeňský kraj,13,42,250
560235,Veselá,Plzeňský kraj,9,69,313
560243,Droužetice,Jihočeský kraj,8,29,128
560251,Volduchy,Plzeňský kraj,25,124,1252
560260,Zbiroh,Plzeňský kraj,137,754,2530
560278,Mutěnice,Jihočeský kraj,6,19,266
560286,Sokolov,Karlovarský kraj,2705,15404,22204
560294,Březová,Karlovarský kraj,190,870,2615
560308,Bublava,Karlovarský kraj,31,173,402
560316,Bukovany,Karlovarský kraj,307,2123,1540
560324,Citice,Karlovarský kraj,84,446,867
560332,Dasnice,Karlovarský kraj,43,215,258
560341,Dolní Nivy,Karlovarský kraj,21,103,348
560359,Habartov,Karlovarský kraj,635,3551,4715
560367,Horní Slavkov,Karlovarský kraj,628,3727,5397
560375,Chlum Svaté Maří,Karlovarský kraj,19,86,306
560383,Chodov,Karlovarský kraj,1663,10768,12660
560405,Kladruby,Jihočeský kraj,5,33,134
560413,Jindřichovice,Karlovarský kraj,29,171,525
560421,Kaceřov,Karlovarský kraj,28,155,418
560430,Zhoř u Tábora,Jihočeský kraj,3,25,170
560448,Běleč,Jihočeský kraj,4,18,202
560456,Krajková,Karlovarský kraj,49,283,926
560464,Královské Poříčí,Karlovarský kraj,73,354,768
560472,Kraslice,Karlovarský kraj,810,4581,6631
560481,Hlasivo,Jihočeský kraj,5,11,140
560499,Kynšperk nad Ohří,Karlovarský kraj,414,2140,4514
560502,Libavské Údolí,Karlovarský kraj,60,358,538
560511,Řemíčov,Jihočeský kraj,4,20,95
560529,Dolní Hrachovice,Jihočeský kraj,1,1,130
560537,Loket,Karlovarský kraj,210,1028,3069
560545,Lomnice,Karlovarský kraj,49,254,1359
560561,Nová Ves,Karlovarský kraj,51,276,198
560570,Nové Sedlo,Karlovarský kraj,357,2061,2584
560588,Oloví,Karlovarský kraj,317,2149,1640
560596,Přebuz,Karlovarský kraj,1,10,77
560600,Rotava,Karlovarský kraj,535,3076,2827
560618,Rovná,Karlovarský kraj,91,523,359
560626,Rodná,Jihočeský kraj,3,15,96
560634,Krátošice,Jihočeský kraj,5,32,115
560642,Staré Sedlo,Karlovarský kraj,35,120,805
560651,Stříbrná,Karlovarský kraj,24,111,447
560669,Skrýchov u Malšic,Jihočeský kraj,17,132,149
560677,Šindelová,Karlovarský kraj,16,71,305
560685,Vintířov,Karlovarský kraj,207,1076,1222
560707,Vřesová,Karlovarský kraj,162,845,425
560715,Tachov,Plzeňský kraj,894,4216,14213
560723,Benešovice,Plzeňský kraj,46,265,236
560740,Bezdružice,Plzeňský kraj,68,502,924
560758,Bor,Plzeňský kraj,387,1816,5149
560782,Cebiv,Plzeňský kraj,55,322,273
560804,Částkov,Plzeňský kraj,13,93,347
560812,Černošín,Plzeňský kraj,61,370,1206
560839,Dlouhý Újezd,Plzeňský kraj,13,97,407
560855,Erpužice,Plzeňský kraj,30,187,345
560863,Halže,Plzeňský kraj,58,258,1059
560898,Hošťka,Plzeňský kraj,60,319,457
560901,Chodová Planá,Plzeňský kraj,138,788,1968
560910,Chodský Újezd,Plzeňský kraj,29,196,822
560928,Kladruby,Plzeňský kraj,95,480,1716
560952,Konstantinovy Lázně,Plzeňský kraj,30,137,901
560979,Kšice,Plzeňský kraj,17,73,236
560987,Drunče,Jihočeský kraj,2,9,52
560995,Rosička,Jihočeský kraj,6,38,70
561002,Lesná,Plzeňský kraj,43,197,485
561011,Lestkov,Plzeňský kraj,35,220,405
561029,Světce,Jihočeský kraj,9,36,134
561037,Vícemil,Jihočeský kraj,5,41,75
561045,Smržov,Jihočeský kraj,10,45,109
561053,Bednáreček,Jihočeský kraj,11,67,187
561061,Horní Skrýchov,Jihočeský kraj,3,34,232
561070,Pístina,Jihočeský kraj,1,4,168
561088,Příbraz,Jihočeský kraj,5,12,280
561096,Hojovice,Kraj Vysočina,3,7,82
561100,Lidmaň,Kraj Vysočina,10,68,279
561118,Bácovice,Kraj Vysočina,8,47,91
561126,Bělá,Kraj Vysočina,2,3,55
561134,Planá,Plzeňský kraj,372,1906,5584
561142,Černov,Kraj Vysočina,1,5,137
561151,Přimda,Plzeňský kraj,198,966,1580
561169,Rozvadov,Plzeňský kraj,40,141,805
561177,Nová Buková,Kraj Vysočina,1,1,116
561185,Staré Sedliště,Plzeňský kraj,227,1462,1323
561193,Staré Sedlo,Plzeňský kraj,20,151,305
561207,Stráž,Plzeňský kraj,102,693,1336
561215,Stříbro,Plzeňský kraj,528,2667,8103
561223,Studánka,Plzeňský kraj,13,62,569
561231,Sulislav,Plzeňský kraj,14,85,223
561240,Bořetice,Kraj Vysočina,1,5,90
561258,Svojšín,Plzeňský kraj,68,387,456
561266,Litohošť,Kraj Vysočina,3,4,82
561274,Rovná,Kraj Vysočina,3,20,53
561282,Lhota-Vlasenice,Kraj Vysočina,4,25,107
561291,Trpísty,Plzeňský kraj,27,129,259
561304,Třemešné,Plzeňský kraj,30,146,374
561312,Buřenice,Kraj Vysočina,8,68,228
561321,Chyšná,Kraj Vysočina,10,48,122
561339,Chýstovice,Kraj Vysočina,4,22,43
561347,Martinice u Onšova,Kraj Vysočina,2,14,56
561355,Těchobuz,Kraj Vysočina,7,30,73
561363,Zhořec,Kraj Vysočina,3,6,103
561371,Krasíkovice,Kraj Vysočina,4,9,141
561380,Česká Lípa,Liberecký kraj,3625,19748,37629
561398,Bezděz,Liberecký kraj,18,80,350
561401,Blatce,Liberecký kraj,10,93,112
561410,Blíževedly,Liberecký kraj,70,381,599
561428,Bohatice,Liberecký kraj,11,42,235
561444,Brniště,Liberecký kraj,92,498,1348
561452,Stojčín,Kraj Vysočina,6,25,119
561461,Jankov,Kraj Vysočina,1,1,43
561479,Cvikov,Liberecký kraj,427,2438,4560
561487,Střítež pod Křemešníkem,Kraj Vysočina,2,9,62
561495,Doksy,Liberecký kraj,338,1876,5143
561509,Probulov,Jihočeský kraj,1,7,68
561517,Přeborov,Jihočeský kraj,1,1,157
561525,Horosedly,Jihočeský kraj,1,2,154
561533,Dubá,Liberecký kraj,118,702,1676
561541,Dubnice,Liberecký kraj,28,175,628
561550,Kožlí,Jihočeský kraj,2,10,57
561568,Nové Hutě,Jihočeský kraj,5,34,109
561576,Budkov,Jihočeský kraj,5,22,95
561584,Holany,Liberecký kraj,44,246,555
561592,Horní Libchava,Liberecký kraj,23,93,844
561606,Horní Police,Liberecký kraj,43,249,721
561614,Chlum,Liberecký kraj,16,124,282
561622,Chotovice,Liberecký kraj,4,33,181
561631,Jablonné v Podještědí,Liberecký kraj,246,1347,3743
561649,Lčovice,Jihočeský kraj,8,42,142
561657,Janovice v Podještědí,Liberecký kraj,3,6,90
561665,Jestřebí,Liberecký kraj,70,568,840
561673,Křišťanov,Jihočeský kraj,30,191,93
561681,Kamenický Šenov,Liberecký kraj,337,2199,3842
561690,Hájek,Jihočeský kraj,1,4,45
561703,Člunek,Jihočeský kraj,25,97,488
561711,Blažejov,Jihočeský kraj,27,138,473
561720,Kravaře,Liberecký kraj,50,260,790
561738,Krompach,Liberecký kraj,7,45,174
561746,Kunratice u Cvikova,Liberecký kraj,42,200,636
561754,Eš,Kraj Vysočina,1,1,66
561762,Dobrá Voda u Pacova,Kraj Vysočina,1,10,102
561789,Rodinov,Kraj Vysočina,10,34,231
561797,Vystrkov,Kraj Vysočina,3,14,280
561801,Bystrá,Kraj Vysočina,4,13,127
561819,Mysletín,Kraj Vysočina,2,24,116
561827,Mařenice,Liberecký kraj,28,179,335
561835,Mimoň,Liberecký kraj,608,3209,6359
561843,Staré Bříště,Kraj Vysočina,1,6,80
561851,Noviny pod Ralskem,Liberecký kraj,24,143,309
561860,Nový Bor,Liberecký kraj,908,5300,11426
561878,Nový Oldřichov,Liberecký kraj,39,203,781
561886,Okna,Liberecký kraj,21,63,341
561894,Okrouhlá,Liberecký kraj,12,68,589
561908,Žirov,Kraj Vysočina,1,11,95
561916,Pavlov,Kraj Vysočina,3,37,122
561924,Dehtáře,Kraj Vysočina,1,1,123
561932,Dobrá Voda,Kraj Vysočina,9,92,200
561941,Proseč pod Křemešníkem,Kraj Vysočina,2,8,89
561959,Polevsko,Liberecký kraj,13,43,428
561967,Olešná,Kraj Vysočina,5,38,570
561975,Zajíčkov,Kraj Vysočina,7,28,232
561983,Provodín,Liberecký kraj,64,351,725
561991,Prysk,Liberecký kraj,16,95,452
562009,Rynárec,Kraj Vysočina,12,64,665
562017,Ralsko,Liberecký kraj,524,3065,2250
562025,Skalice u České Lípy,Liberecký kraj,115,616,1561
562033,Útěchovice pod Stražištěm,Kraj Vysočina,1,5,114
562050,Sloup v Čechách,Liberecký kraj,43,277,705
562068,Rakovice,Jihočeský kraj,6,41,227
562076,Sosnová,Liberecký kraj,30,161,695
562084,Jickovice,Jihočeský kraj,6,26,134
562092,Stráž pod Ralskem,Liberecký kraj,472,2450,3809
562106,Stružnice,Liberecký kraj,63,393,1001
562114,Stvolínky,Liberecký kraj,31,248,324
562122,Boudy,Jihočeský kraj,10,68,207
562131,Svor,Liberecký kraj,40,241,697
562149,Minice,Jihočeský kraj,1,2,29
562157,Nerestce,Jihočeský kraj,5,36,106
562165,Zvíkovské Podhradí,Jihočeský kraj,1,1,205
562173,Velenice,Liberecký kraj,21,93,167
562181,Křenovice,Jihočeský kraj,1,2,189
562190,Olešná,Jihočeský kraj,13,71,136
562203,Velký Valtinov,Liberecký kraj,6,43,195
562211,Varvažov,Jihočeský kraj,4,10,178
562220,Volfartice,Liberecký kraj,40,263,734
562238,Vrchovany,Liberecký kraj,11,56,111
562246,Zahrádky,Liberecký kraj,43,249,698
562254,Paseky,Jihočeský kraj,12,69,193
562262,Zákupy,Liberecký kraj,241,1208,2960
562271,Temešvár,Jihočeský kraj,3,6,127
562289,Vojníkov,Jihočeský kraj,4,26,87
562297,Žandov,Liberecký kraj,152,701,1941
562301,Dolní Novosedly,Jihočeský kraj,9,70,259
562319,Horní Slatina,Jihočeský kraj,3,12,140
562327,Třebětice,Jihočeský kraj,2,10,336
562335,Děčín,Ústecký kraj,5123,30479,47036
562343,Arnoltice,Ústecký kraj,20,95,422
562351,Benešov nad Ploučnicí,Ústecký kraj,340,1898,3584
562360,Nová Ves nad Lužnicí,Jihočeský kraj,20,102,356
562378,Staňkov,Jihočeský kraj,6,27,204
562386,Hamr,Jihočeský kraj,15,83,374
562394,Česká Kamenice,Ústecký kraj,519,3138,5107
562408,Dobkovice,Ústecký kraj,51,284,657
562424,Županovice,Jihočeský kraj,8,46,54
562432,Dolní Podluží,Ústecký kraj,99,578,1182
562441,Dolní Poustevna,Ústecký kraj,189,853,1647
562459,Polště,Jihočeský kraj,2,6,107
562467,Dolní Pěna,Jihočeský kraj,13,54,421
562475,Okrouhlá Radouň,Jihočeský kraj,3,10,217
562483,Heřmanov,Ústecký kraj,23,88,477
562491,Kačlehy,Jihočeský kraj,4,6,108
562505,Horní Podluží,Ústecký kraj,54,300,819
562513,Hřensko,Ústecký kraj,40,234,257
562521,Huntířov,Ústecký kraj,51,318,830
562530,Chřibská,Ústecký kraj,136,772,1337
562548,Bednárec,Jihočeský kraj,8,32,127
562556,Jetřichovice,Ústecký kraj,28,133,392
562564,Jílové,Ústecký kraj,302,1548,5014
562572,Jiřetín pod Jedlovou,Ústecký kraj,53,281,663
562581,Jiříkov,Ústecký kraj,551,2928,3546
562599,Velký Ratmírov,Jihočeský kraj,10,50,232
562602,Dolní Žďár,Jihočeský kraj,4,9,153
562611,Krásná Lípa,Ústecký kraj,446,2355,3387
562629,Vydří,Jihočeský kraj,3,15,121
562637,Frahelž,Jihočeský kraj,5,27,151
562645,Kytlice,Ústecký kraj,27,136,479
562653,Ponědrážka,Jihočeský kraj,6,29,79
562661,Lipová,Ústecký kraj,43,277,586
562670,Ponědraž,Jihočeský kraj,8,103,122
562688,Klec,Jihočeský kraj,3,9,160
562696,Hadravova Rosička,Jihočeský kraj,2,6,52
562700,Malá Veleň,Ústecký kraj,13,79,447
562718,Malšovice,Ústecký kraj,34,141,993
562734,Nová Olešná,Jihočeský kraj,6,14,124
562742,Bořetín,Jihočeský kraj,7,41,98
562751,Mikulášovice,Ústecký kraj,237,1342,2079
562777,Rumburk,Ústecký kraj,1127,6310,10964
562785,Horní Němčice,Jihočeský kraj,8,32,79
562793,Rybniště,Ústecký kraj,63,312,703
562807,Halámky,Jihočeský kraj,9,39,152
562815,Dunajovice,Jihočeský kraj,19,102,229
562823,Staré Křečany,Ústecký kraj,154,702,1218
562840,Domanín,Jihočeský kraj,14,68,429
562858,Šluknov,Ústecký kraj,1021,6145,5732
562866,Mažice,Jihočeský kraj,1,5,134
562874,Valkeřice,Ústecký kraj,21,95,409
562882,Varnsdorf,Ústecký kraj,1652,9917,14793
562891,Velká Bukovina,Ústecký kraj,24,138,512
562904,Hodonice,Jihočeský kraj,2,13,133
562912,Velký Šenov,Ústecký kraj,199,1104,2007
562921,Verneřice,Ústecký kraj,97,475,1166
562939,Veselé,Ústecký kraj,30,175,380
562947,Vilémov,Ústecký kraj,53,260,863
562955,Košín,Jihočeský kraj,1,16,96
562971,Chomutov,Ústecký kraj,6554,38607,47066
562980,Bílence,Ústecký kraj,17,63,246
562998,Blatno,Ústecký kraj,19,97,619
563005,Boleboř,Ústecký kraj,11,43,335
563013,Březno,Ústecký kraj,114,608,1446
563021,Černovice,Ústecký kraj,21,107,663
563030,Krtov,Jihočeský kraj,1,1,165
563048,Domašín,Ústecký kraj,21,115,197
563056,Droužkovice,Ústecký kraj,35,155,847
563064,Hora Svatého Šebestiána,Ústecký kraj,41,233,334
563072,Hrušovany,Ústecký kraj,63,387,534
563081,Chbany,Ústecký kraj,87,480,636
563099,Jirkov,Ústecký kraj,2760,15540,19288
563102,Kadaň,Ústecký kraj,1879,10134,18232
563111,Kalek,Ústecký kraj,27,175,259
563129,Klášterec nad Ohří,Ústecký kraj,1604,9604,14305
563137,Kovářská,Ústecký kraj,110,455,981
563145,Chrbonín,Jihočeský kraj,1,6,156
563153,Třebějice,Jihočeský kraj,4,40,63
563161,Křimov,Ústecký kraj,73,439,430
563188,Libědice,Ústecký kraj,12,71,244
563200,Málkov,Ústecký kraj,38,181,980
563218,Mašťov,Ústecký kraj,63,273,572
563226,Měděnec,Ústecký kraj,5,32,145
563234,Meziříčí,Jihočeský kraj,3,13,178
563242,Místo,Ústecký kraj,29,144,422
563251,Balkova Lhota,Jihočeský kraj,10,70,148
563269,Okounov,Ústecký kraj,19,102,421
563277,Otvice,Ústecký kraj,21,100,707
563285,Perštejn,Ústecký kraj,43,217,1163
563293,Pětipsy,Ústecký kraj,24,130,238
563307,Drhovice,Jihočeský kraj,7,51,229
563315,Kryštofovy Hamry,Ústecký kraj,4,13,170
563323,Radonice,Ústecký kraj,135,707,1177
563331,Rokle,Ústecký kraj,104,720,446
563340,Spořice,Ústecký kraj,56,298,1561
563358,Strupčice,Ústecký kraj,48,308,1116
563366,Bečice,Jihočeský kraj,4,22,82
563374,Psárov,Jihočeský kraj,10,57,109
563382,Údlice,Ústecký kraj,55,285,1346
563404,Vejprty,Ústecký kraj,366,1791,2799
563412,Veliká Ves,Ústecký kraj,41,246,322
563439,Vilémov,Ústecký kraj,38,173,619
563447,Vlčeves,Jihočeský kraj,8,58,114
563455,Nová Ves u Mladé Vožice,Jihočeský kraj,11,45,195
563463,Vrskmaň,Ústecký kraj,17,86,342
563471,Všehrdy,Ústecký kraj,20,118,159
563480,Všestudy,Ústecký kraj,14,71,179
563498,Výsluní,Ústecký kraj,37,144,295
563501,Vysoká Pec,Ústecký kraj,26,139,1146
563510,Jablonec nad Nisou,Liberecký kraj,3604,21102,46079
563528,Albrechtice v Jizerských horách,Liberecký kraj,13,99,376
563536,Bedřichov,Liberecký kraj,8,40,407
563544,Libějice,Jihočeský kraj,1,4,116
563552,Desná,Liberecký kraj,353,2073,3083
563561,Držkov,Liberecký kraj,21,82,589
563579,Frýdštejn,Liberecký kraj,28,140,853
563587,Lom,Jihočeský kraj,7,42,186
563595,Janov nad Nisou,Liberecký kraj,98,554,1496
563609,Jenišovice,Liberecký kraj,32,156,1287
563617,Jílové u Držkova,Liberecký kraj,4,16,236
563625,Haškovcova Lhota,Jihočeský kraj,1,10,73
563633,Josefův Důl,Liberecký kraj,70,461,950
563641,Koberovy,Liberecký kraj,26,111,1024
563650,Dlouhá Lhota,Jihočeský kraj,3,25,163
563668,Kořenov,Liberecký kraj,93,558,984
563676,Líšný,Liberecký kraj,10,28,249
563684,Loužnice,Liberecký kraj,8,60,221
563692,Lučany nad Nisou,Liberecký kraj,94,504,1983
563706,Malá Skála,Liberecký kraj,26,128,1225
563714,Maršovice,Liberecký kraj,13,62,617
563722,Černýšovice,Jihočeský kraj,4,15,82
563731,Nová Ves nad Nisou,Liberecký kraj,29,163,891
563749,Pěnčín,Liberecký kraj,60,309,2073
563757,Plavy,Liberecký kraj,85,418,1033
563765,Drahov,Jihočeský kraj,4,5,153
563773,Radčice,Liberecký kraj,5,26,183
563781,Rádlo,Liberecký kraj,20,122,1009
563790,Rychnov u Jablonce nad Nisou,Liberecký kraj,116,632,2857
563803,Skuhrov,Liberecký kraj,18,84,625
563811,Smržovka,Liberecký kraj,365,2394,3897
563820,Tanvald,Liberecký kraj,628,3816,6086
563838,Velké Hamry,Liberecký kraj,208,1223,2710
563846,Vlastiboř,Liberecký kraj,2,15,123
563854,Zásada,Liberecký kraj,33,207,928
563862,Zlatá Olešnice,Liberecký kraj,29,222,504
563871,Železný Brod,Liberecký kraj,332,1748,6080
563889,Liberec,Liberecký kraj,8119,46935,107663
563897,Žíšov,Jihočeský kraj,7,26,284
563901,Bílá,Liberecký kraj,37,177,970
563919,Bílý Kostel nad Nisou,Liberecký kraj,54,291,1076
563927,Zadní Střítež,Jihočeský kraj,1,18,33
563935,Bulovka,Liberecký kraj,172,1017,947
563943,Cetenov,Liberecký kraj,2,10,116
563960,Český Dub,Liberecký kraj,133,641,2922
563978,Kubova Huť,Jihočeský kraj,10,70,99
563986,Klenovice,Jihočeský kraj,11,57,682
563994,Dolní Řasnice,Liberecký kraj,60,345,563
564028,Frýdlant,Liberecký kraj,619,3637,7398
564036,Habartice,Liberecký kraj,28,198,476
564044,Hejnice,Liberecký kraj,206,1061,2783
564052,Hlavice,Liberecký kraj,3,26,229
564061,Hodkovice nad Mohelkou,Liberecký kraj,138,587,2997
564079,Horní Řasnice,Liberecký kraj,28,140,245
564087,Poštovice,Středočeský kraj,11,44,219
564095,Hrádek nad Nisou,Liberecký kraj,621,3229,7904
564109,Chotyně,Liberecký kraj,47,174,1071
564117,Chrastava,Liberecký kraj,447,2613,6339
564125,Plchov,Středočeský kraj,14,78,204
564133,Jindřichovice pod Smrkem,Liberecký kraj,73,414,605
564141,Kobyly,Liberecký kraj,9,58,372
564150,Libochovičky,Středočeský kraj,1,2,79
564168,Krásný Les,Liberecký kraj,43,243,485
564176,Kryštofovo Údolí,Liberecký kraj,18,68,417
564184,Křižany,Liberecký kraj,64,350,847
564192,Páleč,Středočeský kraj,14,47,218
564206,Lázně Libverda,Liberecký kraj,51,294,556
564214,Počaply,Středočeský kraj,7,45,106
564222,Nestrašovice,Středočeský kraj,1,6,58
564231,Mníšek,Liberecký kraj,62,354,1775
564249,Chrást,Středočeský kraj,17,73,208
564257,Horčápsko,Středočeský kraj,4,22,86
564265,Nové Město pod Smrkem,Liberecký kraj,502,2501,3766
564273,Svojšice,Středočeský kraj,1,4,115
564281,Oldřichov v Hájích,Liberecký kraj,20,127,823
564290,Osečná,Liberecký kraj,55,346,1188
564303,Pěnčín,Liberecký kraj,5,22,712
564311,Pertoltice,Liberecký kraj,42,217,302
564320,Zbenice,Středočeský kraj,7,49,128
564338,Županovice,Středočeský kraj,3,16,68
564346,Lazsko,Středočeský kraj,10,73,225
564354,Příšovice,Liberecký kraj,49,222,1318
564362,Vrančice,Středočeský kraj,12,45,169
564371,Raspenava,Liberecký kraj,239,1343,2852
564389,Radětice,Středočeský kraj,6,13,185
564397,Rynoltice,Liberecký kraj,46,189,854
564401,Soběslavice,Liberecký kraj,3,24,173
564427,Světlá pod Ještědem,Liberecký kraj,19,84,979
564435,Svijanský Újezd,Liberecký kraj,5,45,440
564443,Svijany,Liberecký kraj,14,60,345
564451,Sychrov,Liberecký kraj,8,47,218
564460,Šimonovice,Liberecký kraj,25,127,1475
564478,Narysov,Středočeský kraj,13,77,281
564486,Podlesí,Středočeský kraj,40,247,1113
564494,Višňová,Liberecký kraj,96,490,1349
564508,Dubno,Středočeský kraj,8,44,368
564516,Vlastibořice,Liberecký kraj,12,76,369
564524,Nepomuk,Středočeský kraj,14,45,228
564532,Všelibice,Liberecký kraj,47,341,638
564541,Zdislava,Liberecký kraj,16,98,271
564559,Bohostice,Středočeský kraj,10,89,216
564567,Litoměřice,Ústecký kraj,1464,8315,23088
564575,Bechlín,Ústecký kraj,47,259,1346
564583,Starosedlský Hrádek,Středočeský kraj,6,32,144
564591,Bohušovice nad Ohří,Ústecký kraj,126,702,2464
564605,Hlubyně,Středočeský kraj,3,10,143
564613,Brňany,Ústecký kraj,33,192,498
564621,Brozany nad Ohří,Ústecký kraj,119,665,1321
564630,Sedlice,Středočeský kraj,4,22,279
564648,Bříza,Ústecký kraj,32,197,443
564656,Budyně nad Ohří,Ústecký kraj,142,871,2166
564664,Bukovany,Středočeský kraj,4,20,123
564672,Ctiněves,Ústecký kraj,10,76,380
564681,Drahobudice,Středočeský kraj,3,14,248
564699,Černiv,Ústecký kraj,10,52,158
564702,Masojedy,Středočeský kraj,1,9,114
564711,Čížkovice,Ústecký kraj,70,407,1485
564729,Děčany,Ústecký kraj,25,167,376
564737,Dlažkovice,Ústecký kraj,11,50,132
564745,Dobříň,Ústecký kraj,13,60,547
564753,Doksany,Ústecký kraj,20,92,469
564761,Konojedy,Středočeský kraj,22,149,277
564770,Drahobuz,Ústecký kraj,17,124,299
564788,Prusice,Středočeský kraj,7,41,95
564796,Výžerky,Středočeský kraj,10,78,181
564800,Hradešín,Středočeský kraj,19,107,567
564818,Dušníky,Ústecký kraj,27,247,455
564826,Vrátkov,Středočeský kraj,16,79,286
564834,Evaň,Ústecký kraj,14,65,293
564842,Hlinná,Ústecký kraj,15,120,300
564851,Horní Beřkovice,Ústecký kraj,59,337,968
564869,Březí,Středočeský kraj,22,107,657
564877,Hoštka,Ústecký kraj,127,685,1800
564885,Doubek,Středočeský kraj,19,79,471
564893,Hrobce,Ústecký kraj,40,228,715
564907,Nupaky,Středočeský kraj,51,190,2022
564915,Herink,Středočeský kraj,19,96,1053
564923,Chodouny,Ústecký kraj,43,331,678
564931,Chodovlice,Ústecký kraj,11,71,157
564940,Chotěšov,Ústecký kraj,17,95,524
564958,Chotiměř,Ústecký kraj,18,120,293
564966,Chotiněves,Ústecký kraj,22,143,204
564974,Káraný,Středočeský kraj,36,148,823
564982,Květnice,Středočeský kraj,34,149,1937
564991,Křenice,Středočeský kraj,12,82,1017
565008,Dobročovice,Středočeský kraj,20,106,342
565016,Keblice,Ústecký kraj,34,144,382
565024,Klapý,Ústecký kraj,17,83,471
565032,Kleneč,Ústecký kraj,20,115,570
565041,Břežany,Středočeský kraj,7,35,117
565059,Kostomlaty pod Řípem,Ústecký kraj,23,103,418
565067,Krabčice,Ústecký kraj,30,165,937
565075,Křesín,Ústecký kraj,10,35,324
565083,Křešice,Ústecký kraj,84,433,1491
565091,Kyškovice,Ústecký kraj,7,33,308
565105,Levín,Ústecký kraj,15,135,153
565113,Lhotka nad Labem,Ústecký kraj,22,90,385
565121,Liběšice,Ústecký kraj,89,495,1538
565130,Všesulov,Středočeský kraj,10,44,109
565148,Libkovice pod Řípem,Ústecký kraj,40,296,531
565156,Libochovany,Ústecký kraj,32,181,577
565164,Libochovice,Ústecký kraj,220,1410,3444
565172,Libotenice,Ústecký kraj,11,74,437
565181,Děkov,Středočeský kraj,48,299,237
565199,Kolešov,Středočeský kraj,24,167,147
565202,Hracholusky,Středočeský kraj,4,43,80
565211,Lovečkovice,Ústecký kraj,38,220,606
565229,Lovosice,Ústecký kraj,721,4384,8796
565237,Lukavec,Ústecký kraj,28,183,372
565245,Malé Žernoseky,Ústecký kraj,28,149,715
565253,Martiněves,Ústecký kraj,41,286,801
565261,Přílepy,Středočeský kraj,7,22,227
565270,Janov,Středočeský kraj,7,48,151
565288,Karlova Ves,Středočeský kraj,4,31,127
565296,Mlékojedy,Ústecký kraj,18,104,238
565300,Mnetěš,Ústecký kraj,13,64,574
565318,Mšené-lázně,Ústecký kraj,139,904,1844
565326,Švihov,Středočeský kraj,5,17,58
565334,Hvozd,Středočeský kraj,8,53,182
565342,Nové Dvory,Ústecký kraj,25,124,386
565351,Krakov,Středočeský kraj,3,21,141
565377,Malinová,Středočeský kraj,7,30,100
565385,Kozojedy,Středočeský kraj,1,12,95
565393,Ploskovice,Ústecký kraj,20,90,462
565407,Smilovice,Středočeský kraj,5,19,81
565415,Podsedice,Ústecký kraj,23,135,654
565423,Bdín,Středočeský kraj,3,12,71
565431,Polepy,Ústecký kraj,105,729,1329
565440,Kalivody,Středočeský kraj,5,20,101
565458,Prackovice nad Labem,Ústecký kraj,39,264,639
565466,Milý,Středočeský kraj,13,60,207
565474,Přestavlky,Ústecký kraj,17,99,287
565482,Račice,Ústecký kraj,10,52,393
565491,Račiněves,Ústecký kraj,42,218,636
565504,Řeřichy,Středočeský kraj,5,25,103
565512,Václavy,Středočeský kraj,6,24,68
565521,Radovesice,Ústecký kraj,22,121,540
565539,Sovínky,Středočeský kraj,9,42,349
565547,Rochov,Ústecký kraj,4,28,136
565555,Roudnice nad Labem,Ústecký kraj,769,4318,12827
565563,Lipník,Středočeský kraj,8,47,415
565571,Vlkava,Středočeský kraj,14,64,464
565580,Plužná,Středočeský kraj,7,38,265
565598,Siřejovice,Ústecký kraj,10,31,280
565601,Slatina,Ústecký kraj,11,33,277
565610,Snědovice,Ústecký kraj,44,225,768
565628,Vinařice,Středočeský kraj,4,15,312
565636,Rohatsko,Středočeský kraj,4,30,273
565644,Mečeříž,Středočeský kraj,15,72,568
565652,Rabakov,Středočeský kraj,3,14,57
565661,Řitonice,Středočeský kraj,6,58,88
565679,Straškov-Vodochody,Ústecký kraj,75,402,1103
565695,Sulejovice,Ústecký kraj,22,100,707
565709,Štětí,Ústecký kraj,823,4678,8619
565717,Terezín,Ústecký kraj,237,1310,2852
565725,Veselice,Středočeský kraj,8,50,131
565733,Hrušov,Středočeský kraj,10,44,236
565741,Travčice,Ústecký kraj,17,140,601
565750,Bílá Hlína,Středočeský kraj,3,9,114
565768,Třebenice,Ústecký kraj,69,394,1898
565776,Třebívlice,Ústecký kraj,36,194,840
565784,Charvatce,Středočeský kraj,2,11,366
565792,Třebušín,Ústecký kraj,42,205,606
565806,Úpohlavy,Ústecký kraj,13,67,280
565814,Úštěk,Ústecký kraj,291,1578,2872
565822,Mohelnice nad Jizerou,Středočeský kraj,1,13,96
565831,Vědomice,Ústecký kraj,16,49,938
565849,Velemín,Ústecký kraj,88,478,1677
565857,Velké Žernoseky,Ústecký kraj,24,170,493
565865,Vchynice,Ústecký kraj,9,59,326
565873,Vlastislav,Ústecký kraj,18,128,171
565881,Vražkov,Ústecký kraj,28,183,435
565890,Vrbice,Ústecký kraj,28,165,567
565903,Vrbičany,Ústecký kraj,31,163,322
565911,Vrutice,Ústecký kraj,17,99,313
565920,Sudoměř,Středočeský kraj,8,39,109
565938,Žabovřesky nad Ohří,Ústecký kraj,16,77,273
565946,Žalhostice,Ústecký kraj,38,211,568
565954,Židovice,Ústecký kraj,16,75,387
565962,Žitenice,Ústecký kraj,55,265,1613
565971,Louny,Ústecký kraj,1690,9598,18123
565989,Hlavenec,Středočeský kraj,23,72,492
565997,Bitozeves,Ústecký kraj,42,196,549
566004,Blatno,Ústecký kraj,24,120,506
566012,Blažim,Ústecký kraj,33,192,284
566021,Blšany,Ústecký kraj,87,545,1024
566039,Jizerní Vtelno,Středočeský kraj,15,99,350
566047,Košátky,Středočeský kraj,6,26,227
566055,Vřeskovice,Plzeňský kraj,10,46,331
566063,Břvany,Ústecký kraj,39,268,318
566071,Všekary,Plzeňský kraj,3,11,107
566080,Čečovice,Plzeňský kraj,25,132,97
566098,Černovice,Plzeňský kraj,14,62,144
566101,Štichov,Plzeňský kraj,5,67,83
566128,Deštnice,Ústecký kraj,22,132,227
566136,Brnířov,Plzeňský kraj,34,137,447
566144,Kanice,Plzeňský kraj,0,0,195
566152,Domoušice,Ústecký kraj,59,314,637
566161,Úboč,Plzeňský kraj,2,13,147
566179,Hradiště,Plzeňský kraj,2,2,202
566187,Holedeč,Ústecký kraj,19,104,638
566195,Hříškov,Ústecký kraj,24,125,397
566209,Otov,Plzeňský kraj,19,109,107
566217,Hřivice,Ústecký kraj,26,172,644
566233,Chlumčany,Ústecký kraj,20,127,587
566241,Chožov,Ústecký kraj,62,391,558
566250,Vlkanov,Plzeňský kraj,9,40,121
566276,Hora Svatého Václava,Plzeňský kraj,4,10,65
566284,Koštice,Ústecký kraj,30,211,614
566292,Mnichov,Plzeňský kraj,29,164,220
566306,Krásný Dvůr,Ústecký kraj,60,324,646
566314,Kryry,Ústecký kraj,199,1184,2367
566322,Lenešice,Ústecký kraj,81,437,1418
566331,Hvožďany,Plzeňský kraj,6,47,37
566349,Libčeves,Ústecký kraj,63,383,955
566357,Liběšice,Ústecký kraj,50,304,782
566365,Poděvousy,Plzeňský kraj,17,95,235
566373,Pelechy,Plzeňský kraj,1,10,78
566381,Libořice,Ústecký kraj,43,240,342
566390,Hlince,Plzeňský kraj,1,1,93
566403,Lipno,Ústecký kraj,48,318,562
566411,Lišany,Ústecký kraj,18,78,161
566420,Líté,Plzeňský kraj,22,102,210
566438,Lubenec,Ústecký kraj,95,452,1309
566446,Loza,Plzeňský kraj,14,79,260
566454,Měcholupy,Ústecký kraj,108,752,992
566462,Lochousice,Plzeňský kraj,12,80,128
566471,Bohy,Plzeňský kraj,10,55,121
566489,Brodeslavy,Plzeňský kraj,4,23,74
566497,Všehrdy,Plzeňský kraj,6,21,63
566501,Nepomyšl,Ústecký kraj,44,222,442
566519,Nové Sedlo,Ústecký kraj,71,399,608
566527,Očihov,Ústecký kraj,36,191,364
566535,Panenský Týnec,Ústecký kraj,29,172,448
566543,Myslinka,Plzeňský kraj,19,72,279
566551,Peruc,Ústecký kraj,111,653,2340
566560,Petrohrad,Ústecký kraj,58,315,631
566578,Pnětluky,Ústecký kraj,28,192,367
566586,Počedělice,Ústecký kraj,13,98,307
566594,Újezd nade Mží,Plzeňský kraj,5,43,110
566608,Podbořanský Rohozec,Ústecký kraj,27,112,166
566616,Podbořany,Ústecký kraj,550,3145,6340
566624,Postoloprty,Ústecký kraj,726,4830,4702
566632,Černíkovice,Plzeňský kraj,5,12,89
566641,Hlohovčice,Plzeňský kraj,7,37,173
566659,Raná,Ústecký kraj,15,97,234
566667,Ročov,Ústecký kraj,23,82,554
566675,Vrbice,Karlovarský kraj,39,266,198
566683,Dražovice,Plzeňský kraj,5,38,148
566691,Vlčí,Plzeňský kraj,3,7,75
566705,Borovno,Plzeňský kraj,4,33,98
566713,Slavětín,Ústecký kraj,42,224,647
566721,Smolnice,Ústecký kraj,11,84,432
566730,Holovousy,Plzeňský kraj,2,11,55
566748,Slatina,Plzeňský kraj,1,1,62
566756,Bdeněves,Plzeňský kraj,19,137,798
566764,Blažim,Plzeňský kraj,5,30,65
566781,Pastuchovice,Plzeňský kraj,3,8,74
566799,Všenice,Plzeňský kraj,7,50,279
566802,Terešov,Plzeňský kraj,18,71,178
566811,Kamenec,Plzeňský kraj,4,39,75
566829,Toužetín,Ústecký kraj,25,141,276
566837,Němčovice,Plzeňský kraj,16,93,193
566845,Skomelno,Plzeňský kraj,6,31,198
566853,Tuchořice,Ústecký kraj,38,176,692
566861,Plískov,Plzeňský kraj,1,1,125
566870,Velemyšleves,Ústecký kraj,54,360,344
566888,Olbramov,Plzeňský kraj,8,43,80
566896,Veltěže,Ústecký kraj,32,189,417
566900,Růžová,Ústecký kraj,34,193,576
566918,Vinařice,Ústecký kraj,9,49,242
566926,Vrbno nad Lesy,Ústecký kraj,16,118,197
566934,Vroutek,Ústecký kraj,166,825,1856
566942,Raková,Plzeňský kraj,10,36,236
566951,Výškov,Ústecký kraj,45,236,485
566969,Výrov,Plzeňský kraj,7,47,459
566977,Zbrašín,Ústecký kraj,8,43,410
566985,Žatec,Ústecký kraj,1937,11168,19019
566993,Ostrovec-Lhotka,Plzeňský kraj,1,2,109
567001,Lhota pod Radčem,Plzeňský kraj,13,101,313
567019,Žiželice,Ústecký kraj,58,270,461
567027,Most,Ústecký kraj,9233,52944,64131
567043,Bečov,Ústecký kraj,234,1159,1389
567051,Bělušice,Ústecký kraj,17,101,216
567060,Braňany,Ústecký kraj,109,628,1192
567078,Brandov,Ústecký kraj,19,120,274
567086,Příšov,Plzeňský kraj,7,30,334
567108,Český Jiřetín,Ústecký kraj,6,32,105
567141,Havraň,Ústecký kraj,47,217,608
567167,Hora Svaté Kateřiny,Ústecký kraj,42,284,463
567175,Horní Jiřetín,Ústecký kraj,231,1502,2193
567191,Klíny,Ústecký kraj,2,17,180
567221,Korozluky,Ústecký kraj,5,14,256
567248,Lišnice,Ústecký kraj,21,121,208
567256,Litvínov,Ústecký kraj,3466,19128,22679
567264,Lom,Ústecký kraj,362,1951,3718
567272,Louka u Litvínova,Ústecký kraj,78,393,745
567281,Lužice,Ústecký kraj,14,55,574
567299,Malé Březno,Ústecký kraj,12,94,241
567302,Mariánské Radčice,Ústecký kraj,48,296,466
567311,Meziboří,Ústecký kraj,416,2433,4577
567329,Nová Ves v Horách,Ústecký kraj,20,132,483
567337,Obrnice,Ústecký kraj,737,3797,2045
567345,Patokryje,Ústecký kraj,33,210,447
567353,Polerady,Ústecký kraj,11,92,228
567361,Skršín,Ústecký kraj,6,38,295
567426,Želenice,Ústecký kraj,34,151,497
567442,Teplice,Ústecký kraj,5391,30536,50933
567451,Bílina,Ústecký kraj,2630,15915,14670
567469,Bořislav,Ústecký kraj,28,191,417
567477,Bystřany,Ústecký kraj,89,420,1940
567485,Bžany,Ústecký kraj,48,279,908
567507,Dubí,Ústecký kraj,920,4897,8066
567515,Duchcov,Ústecký kraj,1432,9273,8691
567523,Háj u Duchcova,Ústecký kraj,59,291,1325
567531,Hostomice,Ústecký kraj,240,1417,1210
567558,Hrob,Ústecký kraj,127,742,1996
567566,Hrobčice,Ústecký kraj,65,393,1110
567582,Jeníkov,Ústecký kraj,68,329,891
567604,Kladruby,Ústecký kraj,18,125,435
567612,Kostomlaty pod Milešovkou,Ústecký kraj,59,386,922
567621,Košťany,Ústecký kraj,356,2313,3259
567639,Krupka,Ústecký kraj,1631,9608,12785
567647,Lahošť,Ústecký kraj,44,315,689
567655,Ledvice,Ústecký kraj,48,281,528
567698,Měrunice,Ústecký kraj,20,99,324
567701,Mikulov,Ústecký kraj,8,58,225
567710,Modlany,Ústecký kraj,45,201,1134
567728,Moldava,Ústecký kraj,47,260,197
567752,Novosedlice,Ústecký kraj,249,1482,2150
567761,Ohníč,Ústecký kraj,51,250,728
567779,Osek,Ústecký kraj,323,1694,4600
567787,Proboštov,Ústecký kraj,176,969,2724
567809,Rtyně nad Bílinou,Ústecký kraj,45,363,836
567833,Srbice,Ústecký kraj,24,108,477
567841,Světec,Ústecký kraj,61,368,978
567850,Újezdeček,Ústecký kraj,114,640,862
567868,Zabrušany,Ústecký kraj,86,530,1149
567876,Žalany,Ústecký kraj,22,109,504
567884,Žim,Ústecký kraj,7,24,243
567931,Dolní Zálezly,Ústecký kraj,29,179,564
567957,Habrovany,Ústecký kraj,13,92,234
567973,Homole u Panny,Ústecký kraj,20,136,393
568007,Chabařovice,Ústecký kraj,226,1857,2541
568015,Chlumec,Ústecký kraj,264,1811,4281
568023,Chuderov,Ústecký kraj,64,465,1161
568058,Libouchec,Ústecký kraj,103,485,1897
568091,Malé Březno,Ústecký kraj,20,110,523
568104,Malečov,Ústecký kraj,28,147,869
568147,Petrovice,Ústecký kraj,94,475,895
568155,Povrly,Ústecký kraj,158,927,2291
568163,Žermanice,Moravskoslezský kraj,10,83,359
568180,Kružberk,Moravskoslezský kraj,27,126,233
568198,Staré Těchanovice,Moravskoslezský kraj,9,35,129
568201,Řehlovice,Ústecký kraj,97,566,1473
568210,Hať,Moravskoslezský kraj,32,168,2575
568228,Darkovice,Moravskoslezský kraj,19,68,1388
568236,Děhylov,Moravskoslezský kraj,15,58,747
568244,Vřesina,Moravskoslezský kraj,23,151,1668
568261,Budišovice,Moravskoslezský kraj,21,108,787
568279,Mikolajice,Moravskoslezský kraj,8,41,303
568287,Tašov,Ústecký kraj,5,43,135
568295,Telnice,Ústecký kraj,49,324,697
568309,Tisá,Ústecký kraj,53,257,997
568317,Radkov,Moravskoslezský kraj,35,140,496
568333,Štáblovice,Moravskoslezský kraj,25,107,715
568341,Uhlířov,Moravskoslezský kraj,7,47,401
568350,Velké Březno,Ústecký kraj,127,868,2406
568368,Hlubočec,Moravskoslezský kraj,10,51,576
568376,Rohov,Moravskoslezský kraj,11,62,610
568384,Zubrnice,Ústecký kraj,11,57,225
568392,Doloplazy,Olomoucký kraj,37,218,1346
568406,Slatina,Moravskoslezský kraj,13,59,759
568414,Havlíčkův Brod,Kraj Vysočina,890,4578,23640
568422,Velké Albrechtice,Moravskoslezský kraj,30,148,1170
568431,Bordovice,Moravskoslezský kraj,10,24,669
568449,Zbyslavice,Moravskoslezský kraj,15,60,658
568457,Bojiště,Kraj Vysočina,7,44,294
568465,Borek,Kraj Vysočina,2,9,124
568473,Závišice,Moravskoslezský kraj,23,73,1135
568481,Bernartice nad Odrou,Moravskoslezský kraj,13,50,980
568490,Čachotín,Kraj Vysočina,2,34,174
568503,Česká Bělá,Kraj Vysočina,16,67,1107
568511,Hostašovice,Moravskoslezský kraj,12,46,770
568520,Číhošť,Kraj Vysočina,3,13,348
568538,Dlouhá Ves,Kraj Vysočina,12,51,450
568546,Kunín,Moravskoslezský kraj,54,243,1819
568554,Rybí,Moravskoslezský kraj,17,82,1255
568562,Heřmanice u Oder,Moravskoslezský kraj,9,41,361
568571,Heřmánky,Moravskoslezský kraj,11,45,183
568589,Mankovice,Moravskoslezský kraj,14,40,537
568597,Dolní Krupá,Kraj Vysočina,8,27,432
568601,Dolní Město,Kraj Vysočina,33,136,930
568635,Golčův Jeníkov,Kraj Vysočina,158,948,2730
568643,Kateřinice,Moravskoslezský kraj,13,50,688
568651,Habry,Kraj Vysočina,29,216,1323
568660,Havlíčkova Borová,Kraj Vysočina,33,169,985
568678,Herálec,Kraj Vysočina,29,146,1176
568686,Mošnov,Moravskoslezský kraj,23,101,758
568694,Hněvkovice,Kraj Vysočina,8,56,644
568708,Horní Krupá,Kraj Vysočina,11,48,617
568716,Skotnice,Moravskoslezský kraj,28,143,895
568724,Hradec,Kraj Vysočina,4,13,268
568732,Ženklava,Moravskoslezský kraj,54,233,1176
568741,Albrechtičky,Moravskoslezský kraj,19,52,700
568759,Chotěboř,Kraj Vysočina,357,1871,9132
568767,Chrtníč,Kraj Vysočina,4,19,117
568775,Pustějov,Moravskoslezský kraj,26,142,972
568783,Jedlá,Kraj Vysočina,3,45,85
568791,Soběšovice,Moravskoslezský kraj,18,85,946
568805,Jeřišno,Kraj Vysočina,10,64,270
568813,Pražmo,Moravskoslezský kraj,38,199,895
568821,Kámen,Kraj Vysočina,8,39,430
568830,Řepiště,Moravskoslezský kraj,30,138,1907
568848,Kamenná Lhota,Kraj Vysočina,7,27,275
568856,Klokočov,Kraj Vysočina,1,5,117
568864,Doubrava,Moravskoslezský kraj,117,623,1172
568872,Charváty,Olomoucký kraj,23,122,943
568881,Kojetín,Kraj Vysočina,12,30,182
568899,Kozlov,Kraj Vysočina,6,32,236
568902,Kožlí,Kraj Vysočina,16,127,858
568911,Měrotín,Olomoucký kraj,4,12,276
568929,Krásná Hora,Kraj Vysočina,10,62,507
568937,Krátká Ves,Kraj Vysočina,4,5,128
568945,Krucemburk,Kraj Vysočina,37,178,1623
568953,Květinov,Kraj Vysočina,7,35,220
568961,Vilémov,Olomoucký kraj,8,33,428
568970,Kynice,Kraj Vysočina,3,7,108
568988,Ledeč nad Sázavou,Kraj Vysočina,176,982,4848
568996,Leškovice,Kraj Vysočina,3,4,88
569003,Liboš,Olomoucký kraj,22,98,619
569011,Leština u Světlé,Kraj Vysočina,33,159,543
569020,Libice nad Doubravou,Kraj Vysočina,12,77,851
569038,Lípa,Kraj Vysočina,32,156,1183
569046,Lipnice nad Sázavou,Kraj Vysočina,32,182,708
569054,Strukov,Olomoucký kraj,4,20,163
569062,Lučice,Kraj Vysočina,10,62,659
569071,Malčín,Kraj Vysočina,2,6,206
569089,Maleč,Kraj Vysočina,23,121,609
569097,Moravice,Moravskoslezský kraj,7,27,249
569101,Třebom,Moravskoslezský kraj,22,135,210
569119,Čavisov,Moravskoslezský kraj,11,61,512
569127,Modlíkov,Kraj Vysočina,1,2,164
569135,Císařov,Olomoucký kraj,2,8,318
569143,Křenovice,Olomoucký kraj,15,62,441
569151,Nová Ves u Leštiny,Kraj Vysočina,1,22,119
569160,Nová Ves u Chotěboře,Kraj Vysočina,22,102,538
569178,Bohuslávky,Olomoucký kraj,11,31,316
569186,Okrouhlice,Kraj Vysočina,19,85,1376
569194,Grymov,Olomoucký kraj,3,4,160
569208,Olešenka,Kraj Vysočina,3,10,181
569216,Olešná,Kraj Vysočina,3,4,370
569224,Oudoleň,Kraj Vysočina,7,20,379
569232,Ovesná Lhota,Kraj Vysočina,8,26,171
569241,Pavlov,Kraj Vysočina,3,24,132
569259,Dolní Nětčice,Olomoucký kraj,8,39,255
569267,Hlinsko,Olomoucký kraj,3,29,237
569275,Horní Nětčice,Olomoucký kraj,7,35,227
569283,Kladníky,Olomoucký kraj,5,25,151
569291,Pohled,Kraj Vysočina,11,63,717
569305,Chromeč,Olomoucký kraj,16,45,567
569313,Prosíčka,Kraj Vysočina,5,40,149
569321,Přibyslav,Kraj Vysočina,111,543,4024
569330,Ostružná,Olomoucký kraj,6,56,169
569348,Příseka,Kraj Vysočina,14,92,437
569356,Česká Ves,Olomoucký kraj,153,764,2343
569364,Radostín,Kraj Vysočina,2,5,151
569372,Krchleby,Olomoucký kraj,9,27,177
569381,Mírov,Olomoucký kraj,32,106,354
569399,Rozsochatec,Kraj Vysočina,8,35,532
569402,Rušinov,Kraj Vysočina,3,9,163
569411,Rybníček,Kraj Vysočina,3,24,78
569429,Sázavka,Kraj Vysočina,8,44,319
569437,Bratrušov,Olomoucký kraj,22,104,632
569445,Vikýřovice,Olomoucký kraj,75,264,2298
569453,Velké Kunětice,Olomoucký kraj,53,244,525
569461,Skryje,Kraj Vysočina,14,101,191
569470,Skuhrov,Kraj Vysočina,7,34,300
569488,Slavíkov,Kraj Vysočina,18,101,310
569496,Podolí,Zlínský kraj,9,55,272
569500,Horní Lhota,Moravskoslezský kraj,19,112,859
569518,Sobíňov,Kraj Vysočina,25,119,725
569526,Milotice nad Opavou,Moravskoslezský kraj,49,270,441
569534,Stříbrné Hory,Kraj Vysočina,2,4,239
569542,Horní Újezd,Olomoucký kraj,5,12,434
569551,Nové Heřminovy,Moravskoslezský kraj,39,201,354
569569,Světlá nad Sázavou,Kraj Vysočina,219,1144,6452
569577,Oborná,Moravskoslezský kraj,12,51,447
569585,Šlapanov,Kraj Vysočina,37,213,788
569593,Štoky,Kraj Vysočina,50,309,1982
569607,Býkov-Láryšov,Moravskoslezský kraj,12,58,162
569615,Tis,Kraj Vysočina,12,96,379
569623,Trpišovice,Kraj Vysočina,10,56,163
569631,Sviadnov,Moravskoslezský kraj,50,235,2231
569640,Uhelná Příbram,Kraj Vysočina,18,90,521
569658,Úsobí,Kraj Vysočina,28,196,707
569666,Hladké Životice,Moravskoslezský kraj,42,187,1034
569674,Vepříkov,Kraj Vysočina,6,9,338
569682,Veselý Žďár,Kraj Vysočina,16,70,594
569691,Věž,Kraj Vysočina,32,129,814
569704,Věžnice,Kraj Vysočina,9,62,445
569712,Vilémov,Kraj Vysočina,31,207,973
569721,Vilémovice,Kraj Vysočina,2,5,260
569739,Vlkanov,Kraj Vysočina,4,38,50
569747,Vrchy,Moravskoslezský kraj,12,55,218
569755,Trnávka,Moravskoslezský kraj,10,29,755
569771,Suchonice,Olomoucký kraj,4,33,177
569780,Ždírec nad Doubravou,Kraj Vysočina,66,323,3085
569798,Horní Loděnice,Olomoucký kraj,41,250,337
569801,Žižkovo Pole,Kraj Vysočina,10,32,392
569810,Hradec Králové,Královéhradecký kraj,4113,24469,93737
569828,Babice,Královéhradecký kraj,7,72,212
569836,Barchov,Královéhradecký kraj,14,98,290
569844,Lužice,Olomoucký kraj,13,47,405
569852,Běleč nad Orlicí,Královéhradecký kraj,5,14,404
569861,Benátky,Královéhradecký kraj,1,1,122
569879,Blešno,Královéhradecký kraj,4,15,446
569887,Boharyně,Královéhradecký kraj,13,80,602
569895,Dobroslavice,Moravskoslezský kraj,15,81,785
569909,Chvalíkovice,Moravskoslezský kraj,14,79,700
569917,Černilov,Královéhradecký kraj,81,462,2484
569925,Černožice,Královéhradecký kraj,50,255,1112
569933,Čistěves,Královéhradecký kraj,5,59,190
569941,Divec,Královéhradecký kraj,12,51,271
569950,Čermná ve Slezsku,Moravskoslezský kraj,76,360,373
569968,Dobřenice,Královéhradecký kraj,19,97,580
569976,Dohalice,Královéhradecký kraj,26,166,444
569984,Dolní Přím,Královéhradecký kraj,16,71,756
569992,Habřina,Královéhradecký kraj,9,33,313
570001,Hlušice,Královéhradecký kraj,57,322,718
570010,Hněvčeves,Královéhradecký kraj,2,9,172
570028,Holohlavy,Královéhradecký kraj,22,125,920
570036,Větřkovice,Moravskoslezský kraj,18,88,755
570044,Hořiněves,Královéhradecký kraj,65,384,716
570052,Hrádek,Královéhradecký kraj,4,30,180
570061,Špičky,Olomoucký kraj,6,37,283
570079,Týn nad Bečvou,Olomoucký kraj,33,121,839
570087,Humburky,Královéhradecký kraj,17,80,418
570095,Vyšehoří,Olomoucký kraj,5,17,271
570109,Chlumec nad Cidlinou,Královéhradecký kraj,232,1231,5637
570117,Šléglov,Olomoucký kraj,4,21,41
570125,Chudeřice,Královéhradecký kraj,6,35,270
570133,Jeníkovice,Královéhradecký kraj,24,193,495
570141,Drozdov,Olomoucký kraj,10,45,354
570150,Káranice,Královéhradecký kraj,3,9,207
570168,Klamoš,Královéhradecký kraj,14,78,416
570176,Kosice,Královéhradecký kraj,8,23,353
570184,Kosičky,Královéhradecký kraj,5,30,350
570192,Králíky,Královéhradecký kraj,10,78,398
570206,Kratonohy,Královéhradecký kraj,14,106,634
570214,Kunčice,Královéhradecký kraj,15,76,378
570222,Lejšovka,Královéhradecký kraj,10,48,222
570231,Lhota pod Libčany,Královéhradecký kraj,15,63,1050
570249,Libčany,Královéhradecký kraj,27,127,925
570257,Libníkovice,Královéhradecký kraj,2,23,172
570265,Librantice,Královéhradecký kraj,8,36,642
570273,Libřice,Královéhradecký kraj,4,21,298
570281,Stavenice,Olomoucký kraj,4,14,135
570290,Lišice,Královéhradecký kraj,12,52,164
570303,Lodín,Královéhradecký kraj,10,37,423
570311,Lochenice,Královéhradecký kraj,14,64,594
570320,Lovčice,Královéhradecký kraj,33,174,739
570338,Zborov,Olomoucký kraj,3,8,248
570346,Janová,Zlínský kraj,24,130,767
570354,Lužany,Královéhradecký kraj,7,21,131
570362,Lužec nad Cidlinou,Královéhradecký kraj,14,78,528
570371,Ústí,Zlínský kraj,7,20,613
570397,Měník,Královéhradecký kraj,13,67,637
570401,Mlékosrby,Královéhradecký kraj,3,22,239
570419,Mokrovousy,Královéhradecký kraj,5,37,362
570427,Myštěves,Královéhradecký kraj,2,3,190
570435,Mžany,Královéhradecký kraj,15,90,455
570443,Neděliště,Královéhradecký kraj,16,67,380
570451,Nechanice,Královéhradecký kraj,84,481,2385
570478,Nepolisy,Královéhradecký kraj,38,210,1001
570494,Nové Město,Královéhradecký kraj,25,63,387
570508,Nový Bydžov,Královéhradecký kraj,500,2710,7199
570516,Ohnišťany,Královéhradecký kraj,3,21,332
570524,Olešnice,Královéhradecký kraj,12,66,381
570532,Osice,Královéhradecký kraj,13,84,563
570541,Osičky,Královéhradecký kraj,8,34,151
570567,Petrovice,Královéhradecký kraj,7,30,292
570575,Písek,Královéhradecký kraj,13,46,293
570648,Prasek,Královéhradecký kraj,11,35,613
570656,Praskačka,Královéhradecký kraj,34,160,1132
570672,Předměřice nad Labem,Královéhradecký kraj,55,290,1936
570681,Převýšov,Královéhradecký kraj,26,158,360
570702,Račice nad Trotinou,Královéhradecký kraj,7,62,144
570711,Radíkovice,Královéhradecký kraj,2,10,207
570729,Radostov,Královéhradecký kraj,1,1,137
570745,Roudnice,Královéhradecký kraj,15,69,820
570753,Prodašice,Středočeský kraj,3,11,86
570761,Ujkovice,Středočeský kraj,7,21,116
570770,Loukov,Středočeský kraj,6,36,191
570788,Bradlec,Středočeský kraj,31,99,1413
570796,Sendražice,Královéhradecký kraj,14,63,429
570800,Skalice,Královéhradecký kraj,25,160,668
570818,Dalovice,Středočeský kraj,7,23,260
570826,Kosmonosy,Středočeský kraj,205,647,5177
570834,Skřivany,Královéhradecký kraj,71,329,1171
570842,Vinec,Středočeský kraj,23,84,266
570851,Sloupno,Královéhradecký kraj,23,114,516
570869,Smidary,Královéhradecký kraj,92,524,1576
570877,Smiřice,Královéhradecký kraj,238,1302,3113
570885,Smržov,Královéhradecký kraj,8,46,536
570893,Obrubce,Středočeský kraj,8,48,237
570907,Sovětice,Královéhradecký kraj,13,51,233
570915,Stará Voda,Královéhradecký kraj,5,39,143
570923,Přepeře,Středočeský kraj,3,10,116
570931,Stěžery,Královéhradecký kraj,55,270,2164
570940,Dolní Stakory,Středočeský kraj,8,34,329
570958,Stračov,Královéhradecký kraj,7,41,320
570966,Střezetice,Královéhradecký kraj,6,23,377
570974,Kolomuty,Středočeský kraj,1,1,443
570982,Tuřice,Středočeský kraj,14,93,477
570991,Ctiměřice,Středočeský kraj,4,6,144
571008,Syrovátka,Královéhradecký kraj,23,132,456
571016,Šaplava,Královéhradecký kraj,6,22,111
571024,Těchlovice,Královéhradecký kraj,9,65,407
571032,Pěčice,Středočeský kraj,8,38,218
571041,Třebechovice pod Orebem,Královéhradecký kraj,250,1564,5857
571059,Třesovice,Královéhradecký kraj,4,10,279
571067,Doubravička,Středočeský kraj,12,34,156
571075,Kluky,Středočeský kraj,2,4,71
571083,Vinary,Královéhradecký kraj,18,102,480
571091,Všestary,Královéhradecký kraj,27,154,1805
571105,Výrava,Královéhradecký kraj,8,29,437
571113,Vysoká nad Labem,Královéhradecký kraj,26,203,1797
571121,Niměřice,Středočeský kraj,14,79,317
571130,Zachrašťany,Královéhradecký kraj,12,70,255
571148,Rokytovec,Středočeský kraj,8,23,170
571156,Nemyslovice,Středočeský kraj,9,19,159
571164,Chrudim,Pardubický kraj,1024,5589,23488
571172,Kobylnice,Středočeský kraj,1,2,160
571181,Běstvina,Pardubický kraj,22,146,562
571199,Bratřínov,Středočeský kraj,3,26,205
571202,Bojanov,Pardubický kraj,11,65,646
571211,Klínec,Středočeský kraj,24,99,803
571229,Bořice,Pardubický kraj,5,27,186
571237,Bousov,Pardubický kraj,7,14,245
571245,Bylany,Pardubický kraj,11,35,451
571253,Ctětín,Pardubický kraj,9,33,263
571261,Kytín,Středočeský kraj,13,66,615
571270,Čankovice,Pardubický kraj,22,91,341
571288,Zahořany,Středočeský kraj,9,41,341
571296,České Lhotice,Pardubický kraj,5,32,121
571300,Dědová,Pardubický kraj,2,7,130
571318,Roblín,Středočeský kraj,7,32,250
571326,Lichoceves,Středočeský kraj,33,208,412
571334,Okoř,Středočeský kraj,5,19,114
571342,Svrkyně,Středočeský kraj,10,32,307
571351,Úholičky,Středočeský kraj,32,154,817
571377,Hamry,Pardubický kraj,4,16,231
571385,Heřmanův Městec,Pardubický kraj,224,1169,4956
571393,Hlinsko,Pardubický kraj,399,2189,9625
571407,Hluboká,Pardubický kraj,7,24,191
571415,Xaverov,Středočeský kraj,2,8,55
571423,Zichovec,Středočeský kraj,2,18,199
571431,Vrbičany,Středočeský kraj,29,127,208
571440,Holetín,Pardubický kraj,26,122,797
571458,Honbice,Pardubický kraj,20,84,167
571466,Horka,Pardubický kraj,15,113,436
571474,Horní Bradlo,Pardubický kraj,17,117,420
571482,Hošťalovice,Pardubický kraj,3,12,143
571491,Hrochův Týnec,Pardubický kraj,137,814,2308
571504,Hroubovice,Pardubický kraj,24,146,333
571512,Kutrovice,Středočeský kraj,1,1,106
571521,Neprobylice,Středočeský kraj,16,75,167
571539,Chrast,Pardubický kraj,143,806,3168
571547,Chroustovice,Pardubický kraj,68,319,1245
571555,Líský,Středočeský kraj,1,6,107
571563,Jenišovice,Pardubický kraj,5,32,435
571571,Kameničky,Pardubický kraj,8,34,783
571580,Kladno,Pardubický kraj,26,58,235
571598,Zájezd,Středočeský kraj,6,29,137
571601,Libovice,Středočeský kraj,12,58,384
571610,Kočí,Pardubický kraj,17,93,713
571628,Kostelec u Heřmanova Městce,Pardubický kraj,8,54,374
571636,Němčice,Středočeský kraj,23,114,390
571644,Štíhlice,Středočeský kraj,12,88,211
571652,Krásné,Pardubický kraj,0,0,146
571661,Krouna,Pardubický kraj,39,206,1439
571679,Oplany,Středočeský kraj,5,22,113
571687,Klášterní Skalice,Středočeský kraj,10,78,138
571695,Leština,Pardubický kraj,21,87,341
571709,Leštinka,Pardubický kraj,2,6,170
571717,Kšely,Středočeský kraj,11,58,233
571725,Libkov,Pardubický kraj,2,6,85
571733,Liboměřice,Pardubický kraj,6,39,170
571741,Třebonín,Středočeský kraj,6,21,138
571750,Lozice,Pardubický kraj,8,40,163
571768,Lukavice,Pardubický kraj,14,70,914
571776,Luže,Pardubický kraj,166,967,2605
571784,Libiš,Středočeský kraj,95,501,2427
571792,Kozomín,Středočeský kraj,17,85,473
571806,Nová Ves u Bakova,Středočeský kraj,6,23,309
571814,Zdětín,Středočeský kraj,28,139,634
571822,Míčov-Sušice,Pardubický kraj,11,60,297
571831,Miřetice,Pardubický kraj,33,184,1294
571849,Chudíř,Středočeský kraj,1,4,231
571857,Mladoňovice,Pardubický kraj,11,73,346
571865,Mukařov,Středočeský kraj,7,47,208
571873,Morašice,Pardubický kraj,18,102,797
571881,Strážiště,Středočeský kraj,0,0,137
571890,Nabočany,Pardubický kraj,5,19,127
571903,Načešice,Pardubický kraj,20,145,656
571911,Nasavrky,Pardubický kraj,34,208,1703
571920,Nové Hrady,Pardubický kraj,13,65,310
571938,Ptýrov,Středočeský kraj,12,65,325
571946,Branžež,Středočeský kraj,8,41,274
571954,Sudovo Hlavno,Středočeský kraj,17,72,523
571962,Orel,Pardubický kraj,18,92,806
571971,Kováň,Středočeský kraj,11,62,150
571989,Dobšín,Středočeský kraj,9,47,290
571997,Neveklovice,Středočeský kraj,2,7,76
572004,Perálec,Pardubický kraj,9,67,258
572012,Kovanec,Středočeský kraj,6,26,124
572021,Vrátno,Středočeský kraj,28,144,152
572039,Podhořany u Ronova,Pardubický kraj,15,58,258
572047,Kyje,Královéhradecký kraj,1,1,79
572063,Pokřikov,Pardubický kraj,4,29,256
572071,Prachovice,Pardubický kraj,130,790,1428
572080,Proseč,Pardubický kraj,68,374,2109
572098,Prosetín,Pardubický kraj,14,84,798
572101,Předhradí,Pardubický kraj,16,58,416
572110,Přestavlky,Pardubický kraj,10,42,209
572128,Vrbice,Královéhradecký kraj,8,37,163
572136,Kozojedy,Královéhradecký kraj,27,150,169
572152,Raná,Pardubický kraj,10,60,368
572161,Ronov nad Doubravou,Pardubický kraj,66,327,1733
572179,Rosice,Pardubický kraj,47,220,1381
572187,Slavhostice,Královéhradecký kraj,7,45,133
572195,Želivsko,Pardubický kraj,2,2,36
572209,Řepníky,Pardubický kraj,12,73,401
572217,Řestoky,Pardubický kraj,7,41,466
572225,Seč,Pardubický kraj,74,449,1824
572233,Řídký,Pardubický kraj,1,3,61
572241,Skuteč,Pardubický kraj,239,1319,5050
572250,Březinky,Pardubický kraj,4,17,126
572268,Slatiňany,Pardubický kraj,113,601,4221
572276,Sobětuchy,Pardubický kraj,19,135,1007
572284,Hartinkov,Pardubický kraj,2,9,54
572292,Vrážné,Pardubický kraj,1,1,64
572306,Stradouň,Pardubický kraj,5,48,177
572314,Střemošice,Pardubický kraj,3,17,174
572322,Studnice,Pardubický kraj,6,34,455
572331,Svídnice,Pardubický kraj,9,46,439
572349,Svratouch,Pardubický kraj,37,209,919
572357,Desná,Pardubický kraj,4,12,380
572365,Horní Újezd,Pardubický kraj,3,28,414
572373,Poříčí u Litomyšle,Pardubický kraj,13,74,518
572381,Tisovec,Pardubický kraj,22,103,349
572390,Trhová Kamenice,Pardubický kraj,45,236,1012
572403,Trojovice,Pardubický kraj,8,43,193
572411,Třemošnice,Pardubický kraj,144,737,3333
572420,Tuněchody,Pardubický kraj,18,91,627
572438,Nová Ves u Jarošova,Pardubický kraj,2,15,68
572446,Úhřetice,Pardubický kraj,17,87,495
572454,Vápenný Podol,Pardubický kraj,6,31,304
572462,Včelákov,Pardubický kraj,18,71,564
572471,Vejvanovice,Pardubický kraj,10,55,307
572489,Vinary,Pardubický kraj,3,14,135
572497,Vítanov,Pardubický kraj,12,76,460
572501,Vojtěchov,Pardubický kraj,5,21,395
572519,Biskupice,Pardubický kraj,21,107,470
572527,Vortová,Pardubický kraj,3,13,232
572535,Vrbatův Kostelec,Pardubický kraj,8,59,365
572543,Všeradov,Pardubický kraj,5,13,143
572551,Vysočina,Pardubický kraj,22,91,701
572560,Banín,Pardubický kraj,14,64,297
572578,Zaječice,Pardubický kraj,33,175,1063
572586,Bělá nad Svitavou,Pardubický kraj,19,113,489
572594,Kukle,Pardubický kraj,4,27,89
572608,Nová Sídla,Pardubický kraj,1,1,251
572616,Tržek,Pardubický kraj,7,31,155
572624,Útěchov,Pardubický kraj,4,17,350
572632,Borušov,Pardubický kraj,8,33,166
572641,Žumberk,Pardubický kraj,5,28,271
572659,Jičín,Královéhradecký kraj,709,3605,16330
572667,Bašnice,Královéhradecký kraj,8,46,213
572675,Běchary,Královéhradecký kraj,34,166,267
572683,Dětřichov u Moravské Třebové,Pardubický kraj,9,54,185
572691,Hradec nad Svitavou,Pardubický kraj,76,434,1691
572705,Boháňka,Královéhradecký kraj,8,39,263
572713,Javorník,Pardubický kraj,10,60,428
572721,Opatovec,Pardubický kraj,20,91,741
572730,Chmelík,Pardubický kraj,4,9,197
572748,Karle,Pardubický kraj,26,171,417
572756,Tetín,Královéhradecký kraj,4,46,160
572764,Chrtníky,Pardubický kraj,4,14,108
572772,Bystřice,Královéhradecký kraj,7,28,369
572781,Cerekvice nad Bystřicí,Královéhradecký kraj,42,199,782
572799,Časy,Pardubický kraj,10,101,231
572802,Malé Výkleky,Pardubický kraj,2,3,138
572811,Češov,Královéhradecký kraj,10,65,239
572829,Dětenice,Královéhradecký kraj,41,270,763
572837,Dobrá Voda u Hořic,Královéhradecký kraj,19,114,589
572845,Lány u Dašic,Pardubický kraj,9,47,180
572853,Pravy,Pardubický kraj,8,38,118
572861,Křičeň,Pardubický kraj,6,20,289
572870,Němčice,Pardubický kraj,5,24,841
572888,Újezd u Sezemic,Pardubický kraj,10,65,250
572896,Černá u Bohdanče,Pardubický kraj,15,109,688
572900,Holín,Královéhradecký kraj,12,45,606
572918,Holovousy,Královéhradecký kraj,15,73,550
572926,Hořice,Královéhradecký kraj,381,1873,8577
572934,Stéblová,Pardubický kraj,5,18,353
572942,Plch,Pardubický kraj,1,2,102
572951,Podůlšany,Pardubický kraj,3,21,163
572969,Chomutice,Královéhradecký kraj,29,157,611
572977,Dubany,Pardubický kraj,5,24,338
572985,Třebosice,Pardubický kraj,8,64,258
572993,Jeřice,Královéhradecký kraj,21,151,407
573001,Jičíněves,Královéhradecký kraj,28,146,656
573019,Holotín,Pardubický kraj,2,4,60
573027,Sovolusky,Pardubický kraj,2,6,130
573035,Morašice,Pardubický kraj,6,16,92
573043,Kněžnice,Královéhradecký kraj,6,24,271
573051,Konecchlumí,Královéhradecký kraj,13,61,420
573060,Kopidlno,Královéhradecký kraj,186,926,2193
573078,Neratov,Pardubický kraj,5,47,173
573086,Lískovice,Královéhradecký kraj,5,16,239
573094,Lázně Bělohrad,Královéhradecký kraj,134,652,3721
573108,Libáň,Královéhradecký kraj,100,553,1861
573116,Libošovice,Královéhradecký kraj,9,59,525
573124,Libuň,Královéhradecký kraj,26,126,812
573132,Starý Bydžov,Královéhradecký kraj,10,70,449
573141,Lukavec u Hořic,Královéhradecký kraj,11,76,313
573159,Lužany,Královéhradecký kraj,17,105,611
573167,Markvartice,Královéhradecký kraj,19,108,508
573175,Miletín,Královéhradecký kraj,45,228,950
573183,Zelenecká Lhota,Královéhradecký kraj,13,93,165
573191,Sadová,Královéhradecký kraj,5,7,318
573205,Mladějov,Královéhradecký kraj,15,89,566
573213,Mlázovice,Královéhradecký kraj,26,76,544
573221,Rohoznice,Královéhradecký kraj,8,19,324
573230,Nemyčeves,Královéhradecký kraj,17,92,345
573248,Nová Paka,Královéhradecký kraj,327,1649,9046
573256,Šárovcova Lhota,Královéhradecký kraj,6,13,214
573264,Osek,Královéhradecký kraj,5,14,233
573272,Ostroměř,Královéhradecký kraj,63,304,1328
573281,Ostružno,Královéhradecký kraj,3,19,108
573299,Pecka,Královéhradecký kraj,47,208,1363
573302,Svatojanský Újezd,Královéhradecký kraj,5,36,105
573311,Podhorní Újezd a Vojice,Královéhradecký kraj,14,66,645
573329,Podhradí,Královéhradecký kraj,11,51,474
573337,Dřevěnice,Královéhradecký kraj,14,77,296
573345,Podůlší,Královéhradecký kraj,8,32,252
573353,Bukvice,Královéhradecký kraj,2,12,165
573361,Soběraz,Královéhradecký kraj,1,1,92
573370,Radim,Královéhradecký kraj,20,108,470
573388,Litoboř,Královéhradecký kraj,5,18,112
573400,Loučky,Liberecký kraj,4,25,160
573418,Martinice v Krkonoších,Liberecký kraj,11,40,632
573426,Anenská Studánka,Pardubický kraj,15,80,187
573434,Lhota,Zlínský kraj,22,121,913
573442,Samšina,Královéhradecký kraj,5,23,257
573451,Sběř,Královéhradecký kraj,32,156,329
573469,Slatiny,Královéhradecký kraj,25,166,564
573477,Sobčice,Královéhradecký kraj,10,66,289
573493,Sobotka,Královéhradecký kraj,112,539,2419
573507,Stará Paka,Královéhradecký kraj,125,764,2124
573515,Kunětice,Pardubický kraj,8,33,427
573523,Staré Smrkovice,Královéhradecký kraj,14,86,259
573531,Puchlovice,Královéhradecký kraj,2,15,110
573540,Střevač,Královéhradecký kraj,6,18,284
573558,Boňkov,Kraj Vysočina,4,26,77
573566,Bělá,Kraj Vysočina,8,18,224
573574,Chřenovice,Kraj Vysočina,3,11,141
573582,Víska,Kraj Vysočina,4,10,171
573591,Pohleď,Kraj Vysočina,3,16,72
573604,Služátky,Kraj Vysočina,5,43,155
573612,Třebnouševes,Královéhradecký kraj,16,125,282
573621,Hvozdnice,Královéhradecký kraj,3,17,327
573639,Třtěnice,Královéhradecký kraj,14,96,343
573647,Tuř,Královéhradecký kraj,10,50,128
573655,Úbislavice,Královéhradecký kraj,9,48,473
573663,Údrnice,Královéhradecký kraj,32,149,325
573671,Úhlejov,Královéhradecký kraj,9,29,138
573680,Újezd pod Troskami,Královéhradecký kraj,13,87,376
573698,Úlibice,Královéhradecký kraj,17,98,317
573701,Valdice,Královéhradecký kraj,65,247,1309
573710,Kobylice,Královéhradecký kraj,8,61,254
573728,Veliš,Královéhradecký kraj,3,8,202
573736,Vidochov,Královéhradecký kraj,10,58,363
573744,Zdechovice,Královéhradecký kraj,3,32,168
573752,Vitiněves,Královéhradecký kraj,11,91,337
573761,Volanice,Královéhradecký kraj,18,100,225
573779,Máslojedy,Královéhradecký kraj,11,51,224
573787,Klešice,Pardubický kraj,8,48,430
573795,Vršce,Královéhradecký kraj,38,160,236
573809,Vysoké Veselí,Královéhradecký kraj,87,485,883
573817,Smrček,Pardubický kraj,7,36,134
573825,Železnice,Královéhradecký kraj,40,168,1371
573833,Žeretice,Královéhradecký kraj,16,59,239
573841,Židovice,Královéhradecký kraj,9,56,106
573850,Žlunice,Královéhradecký kraj,10,39,227
573868,Náchod,Královéhradecký kraj,1206,6349,20022
573876,Zderaz,Pardubický kraj,4,24,267
573884,Bezděkov nad Metují,Královéhradecký kraj,17,95,625
573892,Bohuslavice,Královéhradecký kraj,25,138,1031
573906,Borová,Královéhradecký kraj,5,14,217
573914,Božanov,Královéhradecký kraj,25,131,378
573922,Broumov,Královéhradecký kraj,837,5218,7196
573931,Brzice,Královéhradecký kraj,3,9,233
573949,Biskupice,Pardubický kraj,4,24,78
573957,Černčice,Královéhradecký kraj,15,126,475
573965,Červený Kostelec,Královéhradecký kraj,274,1356,8303
573973,Česká Čermná,Královéhradecký kraj,16,91,506
573981,Česká Metuje,Královéhradecký kraj,18,76,297
573990,Česká Skalice,Královéhradecký kraj,227,1156,5103
574007,Kněžice,Pardubický kraj,6,25,140
574015,Dolany,Královéhradecký kraj,23,124,682
574023,Dolní Radechová,Královéhradecký kraj,16,69,758
574031,Hejtmánkovice,Královéhradecký kraj,20,114,586
574040,Heřmanice,Královéhradecký kraj,23,116,428
574058,Heřmánkovice,Královéhradecký kraj,27,125,470
574066,Horní Radechová,Královéhradecký kraj,10,74,528
574074,Hořičky,Královéhradecký kraj,16,89,587
574082,Hronov,Královéhradecký kraj,344,1815,6113
574091,Žlebské Chvalovice,Pardubický kraj,5,26,135
574104,Ostrov,Pardubický kraj,12,53,188
574112,Chvalkovice,Královéhradecký kraj,36,192,800
574121,Jaroměř,Královéhradecký kraj,1092,6832,12561
574139,Jasenná,Královéhradecký kraj,22,154,760
574147,Jestřebí,Královéhradecký kraj,4,11,164
574155,Jetřichov,Královéhradecký kraj,25,115,444
574163,Hynčice,Královéhradecký kraj,25,144,188
574171,Křinice,Královéhradecký kraj,24,121,443
574180,Lhota pod Hořičkami,Královéhradecký kraj,16,88,277
574198,Spojil,Pardubický kraj,9,77,523
574201,Horka u Staré Paky,Liberecký kraj,4,29,236
574210,Machov,Královéhradecký kraj,31,158,1064
574228,Martínkovice,Královéhradecký kraj,30,200,519
574236,Mezilečí,Královéhradecký kraj,8,57,132
574244,Mezilesí,Královéhradecký kraj,5,14,254
574252,Meziměstí,Královéhradecký kraj,196,1118,2335
574261,Nahořany,Královéhradecký kraj,8,60,607
574279,Nové Město nad Metují,Královéhradecký kraj,300,1531,9334
574287,Nový Hrádek,Královéhradecký kraj,23,143,862
574295,Nový Ples,Královéhradecký kraj,8,49,368
574309,Bezděčí u Trnávky,Pardubický kraj,3,17,185
574317,Otovice,Královéhradecký kraj,10,64,337
574325,Gruna,Pardubický kraj,9,60,247
574333,Radkov,Pardubický kraj,7,35,118
574341,Police nad Metují,Královéhradecký kraj,199,1130,4125
574350,Provodov-Šonov,Královéhradecký kraj,17,100,1214
574368,Přibyslav,Královéhradecký kraj,3,11,203
574376,Rasošky,Královéhradecký kraj,17,70,706
574384,Rožnov,Královéhradecký kraj,11,87,385
574392,Sázava,Pardubický kraj,8,46,565
574406,Rychnovek,Královéhradecký kraj,18,120,715
574422,Slatina nad Úpou,Královéhradecký kraj,6,59,318
574431,Slavětín nad Metují,Královéhradecký kraj,1,6,258
574449,Kosořín,Pardubický kraj,2,14,198
574457,Slavoňov,Královéhradecký kraj,2,12,315
574465,Stárkov,Královéhradecký kraj,24,137,625
574481,Studnice,Královéhradecký kraj,30,174,1171
574490,Suchý Důl,Královéhradecký kraj,7,61,409
574511,Šonov,Královéhradecký kraj,27,113,289
574538,Teplice nad Metují,Královéhradecký kraj,104,568,1678
574546,Kramolna,Královéhradecký kraj,34,199,1068
574554,Velichovky,Královéhradecký kraj,16,35,765
574562,Velká Jesenice,Královéhradecký kraj,26,111,747
574571,Velké Petrovice,Královéhradecký kraj,12,38,414
574589,Velký Třebešov,Královéhradecký kraj,14,80,332
574597,Vilantice,Královéhradecký kraj,10,64,210
574601,Vlkov,Královéhradecký kraj,7,36,388
574627,Vršovka,Královéhradecký kraj,2,12,140
574635,Vysoká Srbská,Královéhradecký kraj,16,127,295
574643,Vysokov,Královéhradecký kraj,14,39,542
574651,Zábrodí,Královéhradecký kraj,10,59,592
574660,Zaloňov,Královéhradecký kraj,12,48,440
574686,Žďár nad Metují,Královéhradecký kraj,19,86,649
574694,Žďárky,Královéhradecký kraj,11,52,575
574708,Žernov,Královéhradecký kraj,1,2,313
574724,Barchov,Pardubický kraj,8,25,333
574741,Bezděkov,Pardubický kraj,6,44,339
574767,Lázně Bohdaneč,Pardubický kraj,136,699,3496
574783,Borek,Pardubický kraj,15,89,279
574791,Brloh,Pardubický kraj,5,34,224
574805,Břehy,Pardubický kraj,43,243,1129
574813,Bukovina nad Labem,Pardubický kraj,2,12,240
574821,Bukovina u Přelouče,Pardubický kraj,5,38,86
574830,Bukovka,Pardubický kraj,10,70,420
574848,Býšť,Pardubický kraj,23,153,1676
574856,Čeperka,Pardubický kraj,25,151,1189
574864,Čepí,Pardubický kraj,19,102,470
574899,Dašice,Pardubický kraj,121,613,2565
574902,Dolany,Pardubický kraj,8,76,441
574911,Dolní Roveň,Pardubický kraj,90,538,2121
574929,Dolní Ředice,Pardubický kraj,11,87,1022
574953,Dříteč,Pardubický kraj,19,121,620
574961,Hlavečník,Pardubický kraj,11,71,272
574988,Holice,Pardubický kraj,263,1653,6788
574996,Horní Jelení,Pardubický kraj,87,410,2119
575011,Horní Ředice,Pardubický kraj,22,118,1069
575046,Hrobice,Pardubický kraj,4,53,262
575054,Choltice,Pardubický kraj,36,188,1243
575062,Choteč,Pardubický kraj,4,13,355
575071,Chvaletice,Pardubický kraj,233,1509,2926
575089,Chvojenec,Pardubický kraj,22,126,830
575097,Chýšť,Pardubický kraj,9,92,211
575101,Jankovice,Pardubický kraj,11,68,340
575119,Jaroslav,Pardubický kraj,13,48,251
575127,Jedousov,Pardubický kraj,9,63,170
575135,Jeníkovice,Pardubický kraj,8,36,248
575143,Jezbořice,Pardubický kraj,14,90,394
575151,Kasalice,Pardubický kraj,8,46,220
575178,Kladruby nad Labem,Pardubický kraj,35,160,678
575194,Kojice,Pardubický kraj,15,71,469
575232,Kostěnice,Pardubický kraj,15,87,569
575259,Labské Chrčice,Pardubický kraj,11,52,306
575305,Libišany,Pardubický kraj,12,64,655
575313,Lipoltice,Pardubický kraj,12,56,443
575330,Litošice,Pardubický kraj,4,27,164
575372,Mikulovice,Pardubický kraj,29,134,1377
575381,Mokošín,Pardubický kraj,3,11,165
575399,Moravany,Pardubický kraj,56,250,1866
575429,Opatovice nad Labem,Pardubický kraj,105,538,2842
575437,Ostřešany,Pardubický kraj,28,151,1119
575445,Ostřetín,Pardubický kraj,29,176,923
575461,Poběžovice u Holic,Pardubický kraj,6,28,308
575470,Poběžovice u Přelouče,Pardubický kraj,4,20,120
575500,Přelouč,Pardubický kraj,671,3033,10053
575518,Přelovice,Pardubický kraj,14,71,225
575526,Přepychy,Pardubický kraj,1,6,83
575534,Ráby,Pardubický kraj,16,77,585
575542,Radhošť,Pardubický kraj,6,19,160
575551,Rohovládova Bělá,Pardubický kraj,20,116,629
575569,Rohoznice,Pardubický kraj,6,48,272
575577,Rokytno,Pardubický kraj,26,119,962
575593,Rybitví,Pardubický kraj,131,796,1450
575607,Řečany nad Labem,Pardubický kraj,28,140,1425
575615,Selmice,Pardubický kraj,8,45,138
575623,Semín,Pardubický kraj,26,165,625
575640,Sezemice,Pardubický kraj,125,654,4309
575658,Slepotice,Pardubický kraj,19,59,464
575666,Sopřeč,Pardubický kraj,22,102,295
575682,Srch,Pardubický kraj,28,147,1727
575704,Staré Hradiště,Pardubický kraj,56,273,2032
575712,Staré Jesenčany,Pardubický kraj,10,68,427
575721,Staré Ždánice,Pardubický kraj,39,177,727
575739,Starý Mateřov,Pardubický kraj,18,51,903
575755,Stojice,Pardubický kraj,7,36,212
575763,Strašov,Pardubický kraj,13,83,356
575771,Svinčany,Pardubický kraj,14,122,560
575780,Svojšice,Pardubický kraj,17,89,284
575810,Tetov,Pardubický kraj,16,50,166
575828,Trusnov,Pardubický kraj,10,86,216
575844,Turkovice,Pardubický kraj,17,90,319
575861,Týnišťko,Pardubický kraj,3,19,158
575879,Uhersko,Pardubický kraj,18,59,411
575887,Úhřetická Lhota,Pardubický kraj,4,34,342
575909,Újezd u Přelouče,Pardubický kraj,20,118,238
575917,Urbanice,Pardubický kraj,3,19,65
575925,Valy,Pardubický kraj,22,88,521
575933,Vápno,Pardubický kraj,8,68,129
575941,Veliny,Pardubický kraj,14,93,498
575968,Veselí,Pardubický kraj,7,53,397
575984,Vlčí Habřina,Pardubický kraj,8,59,329
575992,Voleč,Pardubický kraj,6,45,383
576000,Vysoké Chvojno,Pardubický kraj,10,70,457
576018,Vyšehněvice,Pardubický kraj,8,32,259
576026,Zdechovice,Pardubický kraj,37,287,685
576042,Žáravice,Pardubický kraj,4,23,116
576051,Živanice,Pardubický kraj,34,235,1006
576069,Rychnov nad Kněžnou,Královéhradecký kraj,467,2325,11342
576077,Albrechtice nad Orlicí,Královéhradecký kraj,17,83,1022
576085,Bačetín,Královéhradecký kraj,10,49,384
576093,Bartošovice v Orlických horách,Královéhradecký kraj,12,48,244
576107,Bílý Újezd,Královéhradecký kraj,17,83,774
576115,Bohdašín,Královéhradecký kraj,3,26,206
576123,Bolehošť,Královéhradecký kraj,20,114,610
576131,Borohrádek,Královéhradecký kraj,131,679,2112
576140,Borovnice,Královéhradecký kraj,11,44,391
576166,Bystré,Královéhradecký kraj,5,19,289
576174,Byzhradec,Královéhradecký kraj,1,1,210
576182,Častolovice,Královéhradecký kraj,57,291,1731
576191,Čermná nad Orlicí,Královéhradecký kraj,27,172,1082
576204,Černíkovice,Královéhradecký kraj,16,49,823
576212,České Meziříčí,Královéhradecký kraj,103,670,2023
576221,Čestice,Královéhradecký kraj,30,160,603
576247,Deštné v Orlických horách,Královéhradecký kraj,17,84,583
576263,Dobré,Královéhradecký kraj,19,76,864
576271,Dobruška,Královéhradecký kraj,224,1260,6575
576280,Dobřany,Královéhradecký kraj,2,2,134
576301,Doudleby nad Orlicí,Královéhradecký kraj,88,421,1759
576310,Chleny,Královéhradecký kraj,10,38,210
576328,Janov,Královéhradecký kraj,4,22,115
576336,Javornice,Královéhradecký kraj,19,110,1104
576352,Jílovice,Královéhradecký kraj,13,60,312
576361,Kostelec nad Orlicí,Královéhradecký kraj,310,1549,6181
576395,Kounov,Královéhradecký kraj,8,53,249
576409,Králova Lhota,Královéhradecký kraj,13,99,257
576425,Kvasiny,Královéhradecký kraj,44,143,1595
576433,Ledce,Královéhradecký kraj,14,97,351
576441,Lhoty u Potštejna,Královéhradecký kraj,15,87,342
576450,Liberk,Královéhradecký kraj,35,234,672
576468,Lično,Královéhradecký kraj,14,65,668
576476,Lípa nad Orlicí,Královéhradecký kraj,12,47,586
576492,Lukavice,Královéhradecký kraj,18,77,636
576506,Lupenice,Královéhradecký kraj,5,37,271
576522,Mokré,Královéhradecký kraj,7,49,180
576549,Nová Ves,Královéhradecký kraj,3,19,241
576557,Očelice,Královéhradecký kraj,10,49,238
576565,Ohnišov,Královéhradecký kraj,5,19,503
576573,Olešnice v Orlických horách,Královéhradecký kraj,33,194,386
576581,Olešnice,Královéhradecký kraj,10,52,481
576590,Opočno,Královéhradecký kraj,137,693,3147
576603,Orlické Záhoří,Královéhradecký kraj,24,140,206
576611,Osečnice,Královéhradecký kraj,6,15,294
576620,Pěčín,Královéhradecký kraj,19,66,489
576654,Podbřezí,Královéhradecký kraj,10,45,588
576662,Pohoří,Královéhradecký kraj,24,206,672
576671,Potštejn,Královéhradecký kraj,32,130,995
576689,Přepychy,Královéhradecký kraj,33,133,641
576701,Rokytnice v Orlických horách,Královéhradecký kraj,137,694,2131
576727,Rybná nad Zdobnicí,Královéhradecký kraj,11,36,416
576735,Říčky v Orlických horách,Královéhradecký kraj,6,20,105
576743,Sedloňov,Královéhradecký kraj,10,44,207
576751,Semechnice,Královéhradecký kraj,8,38,436
576778,Skuhrov nad Bělou,Královéhradecký kraj,34,210,1159
576786,Slatina nad Zdobnicí,Královéhradecký kraj,19,89,852
576794,Sněžné,Královéhradecký kraj,4,11,135
576808,Solnice,Královéhradecký kraj,71,299,2359
576816,Synkov-Slemeno,Královéhradecký kraj,7,29,460
576824,Trnov,Královéhradecký kraj,10,58,764
576832,Třebešov,Královéhradecký kraj,2,2,314
576841,Tutleky,Královéhradecký kraj,5,21,336
576859,Týniště nad Orlicí,Královéhradecký kraj,277,1508,6191
576875,Val,Královéhradecký kraj,6,22,299
576883,Vamberk,Královéhradecký kraj,226,1206,4672
576891,Voděrady,Královéhradecký kraj,7,27,725
576921,Záměl,Královéhradecký kraj,19,99,646
576930,Zdelov,Královéhradecký kraj,5,26,265
576948,Zdobnice,Královéhradecký kraj,13,51,166
576956,Žďár nad Orlicí,Královéhradecký kraj,18,91,537
576964,Semily,Liberecký kraj,593,3091,8109
576972,Bělá,Liberecký kraj,4,37,286
576981,Benecko,Liberecký kraj,25,159,1132
576999,Benešov u Semil,Liberecký kraj,44,295,863
577006,Bozkov,Liberecký kraj,13,62,593
577014,Bradlecká Lhota,Liberecký kraj,3,12,231
577031,Bukovina u Čisté,Liberecký kraj,4,13,213
577049,Bystrá nad Jizerou,Liberecký kraj,4,31,114
577057,Čistá u Horek,Liberecký kraj,17,85,607
577073,Háje nad Jizerou,Liberecký kraj,20,82,666
577081,Harrachov,Liberecký kraj,59,322,1403
577111,Holenice,Liberecký kraj,4,9,101
577120,Horní Branná,Liberecký kraj,40,181,1877
577146,Hrubá Skála,Liberecký kraj,20,74,646
577154,Chuchelna,Liberecký kraj,20,85,1010
577162,Jablonec nad Jizerou,Liberecký kraj,73,382,1664
577171,Jesenný,Liberecký kraj,16,79,514
577189,Jestřabí v Krkonoších,Liberecký kraj,6,31,255
577197,Jilemnice,Liberecký kraj,210,967,5487
577201,Kacanovy,Liberecký kraj,3,14,223
577219,Karlovice,Liberecký kraj,19,93,918
577227,Klokočí,Liberecký kraj,5,29,203
577235,Košťálov,Liberecký kraj,54,287,1652
577243,Kruh,Liberecký kraj,12,48,495
577294,Libštát,Liberecký kraj,35,168,943
577308,Lomnice nad Popelkou,Liberecký kraj,226,1210,5604
577316,Mírová pod Kozákovem,Liberecký kraj,28,165,1766
577324,Modřišice,Liberecký kraj,5,47,444
577332,Mříčná,Liberecký kraj,28,145,578
577341,Nová Ves nad Popelkou,Liberecký kraj,21,104,673
577359,Ohrazenice,Liberecký kraj,23,108,1120
577367,Olešnice,Liberecký kraj,5,18,221
577375,Levínská Olešnice,Liberecký kraj,13,61,335
577391,Peřimov,Liberecký kraj,9,41,284
577405,Poniklá,Liberecký kraj,46,194,1112
577413,Přepeře,Liberecký kraj,29,173,1032
577421,Příkrý,Liberecký kraj,12,71,246
577430,Radostná pod Kozákovem,Liberecký kraj,7,18,456
577448,Rakousy,Liberecký kraj,4,33,101
577456,Rokytnice nad Jizerou,Liberecký kraj,109,500,2588
577464,Roprachtice,Liberecký kraj,5,43,292
577472,Rovensko pod Troskami,Liberecký kraj,59,331,1393
577481,Roztoky u Semil,Liberecký kraj,2,4,110
577499,Roztoky u Jilemnice,Liberecký kraj,26,177,1124
577529,Slaná,Liberecký kraj,29,172,678
577545,Stružinec,Liberecký kraj,14,94,688
577553,Studenec,Liberecký kraj,37,189,1841
577561,Svojek,Liberecký kraj,6,25,182
577570,Syřenov,Liberecký kraj,2,16,232
577596,Tatobity,Liberecký kraj,17,62,594
577600,Troskovice,Liberecký kraj,6,33,86
577626,Turnov,Liberecký kraj,625,3113,14495
577642,Veselá,Liberecký kraj,8,34,233
577651,Víchová nad Jizerou,Liberecký kraj,29,166,889
577669,Vítkovice,Liberecký kraj,11,71,364
577677,Všeň,Liberecký kraj,18,97,622
577685,Vyskeř,Liberecký kraj,11,67,414
577693,Vysoké nad Jizerou,Liberecký kraj,28,139,1353
577707,Záhoří,Liberecký kraj,20,95,513
577723,Žernov,Liberecký kraj,21,82,259
577731,Svitavy,Pardubický kraj,933,5055,16196
577774,Benátky,Pardubický kraj,7,30,408
577812,Bohuňov,Pardubický kraj,1,6,125
577821,Bohuňovice,Pardubický kraj,5,34,114
577839,Borová,Pardubický kraj,18,78,1036
577863,Brněnec,Pardubický kraj,76,469,1235
577871,Březina,Pardubický kraj,9,45,331
577898,Březiny,Pardubický kraj,8,35,135
577910,Budislav,Pardubický kraj,9,43,498
577928,Bystré,Pardubický kraj,30,129,1588
577936,Cerekvice nad Loučnou,Pardubický kraj,21,107,891
577944,Čistá,Pardubický kraj,26,119,1040
577961,Dětřichov,Pardubický kraj,15,63,389
577979,Poustka,Karlovarský kraj,19,74,165
577987,Dlouhá Loučka,Pardubický kraj,34,149,565
577995,Dolní Újezd,Pardubický kraj,21,70,1963
578002,Velký Luh,Karlovarský kraj,23,94,174
578011,Chodov,Karlovarský kraj,15,61,123
578029,Vysoká Pec,Karlovarský kraj,14,37,346
578037,Hartmanice,Pardubický kraj,7,45,268
578045,Krásný Les,Karlovarský kraj,19,144,351
578053,Horky,Pardubický kraj,1,5,145
578061,Ostřetice,Plzeňský kraj,1,3,72
578070,Lomec,Plzeňský kraj,2,5,127
578088,Biřkov,Plzeňský kraj,8,67,139
578096,Chornice,Pardubický kraj,29,135,850
578118,Chotovice,Pardubický kraj,3,41,158
578126,Chrastavec,Pardubický kraj,16,67,233
578134,Janov,Pardubický kraj,25,103,1003
578151,Jaroměřice,Pardubický kraj,46,279,1166
578169,Jarošov,Pardubický kraj,3,45,179
578177,Kovčín,Plzeňský kraj,4,19,89
578185,Jedlová,Pardubický kraj,35,218,1045
578193,Jevíčko,Pardubický kraj,126,658,2818
578207,Kamenec u Poličky,Pardubický kraj,13,59,637
578215,Kamenná Horka,Pardubický kraj,15,72,364
578223,Nehodiv,Plzeňský kraj,2,2,74
578231,Koclířov,Pardubický kraj,54,350,769
578240,Hamry,Plzeňský kraj,9,36,116
578258,Korouhev,Pardubický kraj,18,65,804
578266,Koruna,Pardubický kraj,4,31,157
578274,Křenov,Pardubický kraj,27,121,404
578282,Kunčina,Pardubický kraj,50,287,1373
578291,Květná,Pardubický kraj,51,227,426
578304,Lavičné,Pardubický kraj,4,16,125
578312,Zborovy,Plzeňský kraj,4,20,138
578321,Újezd u Plánice,Plzeňský kraj,6,29,126
578339,Linhartice,Pardubický kraj,18,118,625
578347,Litomyšl,Pardubický kraj,306,1911,10485
578355,Lubná,Pardubický kraj,16,86,941
578363,Makov,Pardubický kraj,7,40,337
578371,Malíkov,Pardubický kraj,5,20,103
578380,Městečko Trnávka,Pardubický kraj,46,268,1410
578398,Mikuleč,Pardubický kraj,9,29,267
578401,Mladějov na Moravě,Pardubický kraj,28,150,462
578410,Maňovice,Plzeňský kraj,2,9,47
578428,Morašice,Pardubický kraj,12,25,749
578436,Slatina,Plzeňský kraj,9,44,103
578444,Moravská Třebová,Pardubický kraj,638,3486,9742
578452,Nedvězí,Pardubický kraj,7,33,189
578461,Mezihoří,Plzeňský kraj,2,6,66
578479,Oldřiš,Pardubický kraj,12,71,653
578487,Opatov,Pardubický kraj,53,306,1182
578495,Čímice,Plzeňský kraj,1,4,159
578509,Osík,Pardubický kraj,14,48,1047
578517,Domoraz,Plzeňský kraj,2,3,55
578525,Frymburk,Plzeňský kraj,2,13,115
578533,Nezamyslice,Plzeňský kraj,16,59,201
578541,Jarov,Plzeňský kraj,7,54,218
578550,Pohledy,Pardubický kraj,22,120,302
578568,Čmelíny,Plzeňský kraj,5,28,128
578576,Polička,Pardubický kraj,244,1181,8944
578584,Pomezí,Pardubický kraj,31,170,1285
578592,Třebčice,Plzeňský kraj,6,10,138
578614,Tojice,Plzeňský kraj,1,19,108
578622,Příluka,Pardubický kraj,3,18,175
578631,Pustá Kamenice,Pardubický kraj,11,54,316
578649,Pustá Rybná,Pardubický kraj,1,1,158
578657,Radiměř,Pardubický kraj,36,216,1195
578665,Dražeň,Plzeňský kraj,8,19,168
578673,Rohozná,Pardubický kraj,32,169,626
578681,Rozhraní,Pardubický kraj,8,26,307
578690,Rozstání,Pardubický kraj,6,49,247
578703,Rudná,Pardubický kraj,10,41,139
578711,Rychnov na Moravě,Pardubický kraj,39,208,600
578720,Sádek,Pardubický kraj,12,56,581
578738,Sebranice,Pardubický kraj,26,117,988
578746,Sedliště,Pardubický kraj,5,18,229
578754,Sklené,Pardubický kraj,26,138,238
578762,Slatina,Pardubický kraj,5,18,159
578771,Kočín,Plzeňský kraj,11,56,113
578789,Staré Město,Pardubický kraj,41,184,1036
578797,Štichovice,Plzeňský kraj,3,7,116
578801,Stašov,Pardubický kraj,14,65,262
578819,Strakov,Pardubický kraj,5,17,264
578827,Zahrádka,Plzeňský kraj,7,20,158
578835,Suchá Lhota,Pardubický kraj,2,18,82
578843,Svojanov,Pardubický kraj,12,43,362
578851,Široký Důl,Pardubický kraj,8,55,407
578860,Študlov,Pardubický kraj,5,17,104
578878,Telecí,Pardubický kraj,15,86,426
578886,Trpín,Pardubický kraj,8,49,444
578894,Trstěnice,Pardubický kraj,12,51,540
578908,Třebařov,Pardubický kraj,63,356,917
578916,Újezdec,Pardubický kraj,4,17,124
578924,Velečín,Plzeňský kraj,9,50,73
578932,Vendolí,Pardubický kraj,48,281,974
578941,Vidlatá Seč,Pardubický kraj,3,17,292
578959,Víska u Jevíčka,Pardubický kraj,6,45,181
578967,Vítějeves,Pardubický kraj,28,159,440
578975,Vranová Lhota,Pardubický kraj,15,74,434
578983,Tatiná,Plzeňský kraj,3,7,255
579009,Medový Újezd,Plzeňský kraj,2,17,266
579017,Kakejcov,Plzeňský kraj,4,34,104
579025,Trutnov,Královéhradecký kraj,1919,11062,29621
579033,Kornatice,Plzeňský kraj,7,31,277
579041,Batňovice,Královéhradecký kraj,36,206,783
579050,Bernartice,Královéhradecký kraj,68,270,890
579068,Bílá Třemešná,Královéhradecký kraj,43,190,1354
579076,Bílé Poličany,Královéhradecký kraj,1,6,166
579084,Mešno,Plzeňský kraj,4,7,85
579092,Borovnice,Královéhradecký kraj,23,133,381
579106,Čermná,Královéhradecký kraj,14,44,409
579114,Černý Důl,Královéhradecký kraj,29,177,716
579122,Dolní Branná,Královéhradecký kraj,13,68,1037
579131,Příkosice,Plzeňský kraj,14,52,439
579149,Dolní Dvůr,Královéhradecký kraj,12,66,277
579157,Dolní Kalná,Královéhradecký kraj,15,64,683
579165,Dolní Lánov,Královéhradecký kraj,22,100,819
579173,Dolní Olešnice,Královéhradecký kraj,23,131,374
579181,Doubravice,Královéhradecký kraj,20,147,390
579190,Dubenec,Královéhradecký kraj,25,146,692
579203,Dvůr Králové nad Labem,Královéhradecký kraj,794,4513,15373
579211,Hajnice,Královéhradecký kraj,44,204,1125
579220,Havlovice,Královéhradecký kraj,22,109,1019
579238,Horní Brusnice,Královéhradecký kraj,31,124,434
579246,Trokavec,Plzeňský kraj,2,7,120
579254,Horní Kalná,Královéhradecký kraj,12,66,368
579262,Horní Maršov,Královéhradecký kraj,76,450,933
579271,Horní Olešnice,Královéhradecký kraj,17,113,310
579289,Vísky,Plzeňský kraj,1,9,62
579297,Hostinné,Královéhradecký kraj,307,1687,4267
579301,Hřibojedy,Královéhradecký kraj,3,26,235
579319,Chotěvice,Královéhradecký kraj,49,324,1008
579327,Choustníkovo Hradiště,Královéhradecký kraj,35,224,635
579335,Chvaleč,Královéhradecký kraj,26,130,632
579343,Štítov,Plzeňský kraj,2,6,52
579351,Janské Lázně,Královéhradecký kraj,51,207,692
579360,Těšovice,Karlovarský kraj,8,43,251
579378,Jívka,Královéhradecký kraj,24,121,596
579386,Klášterská Lhota,Královéhradecký kraj,4,26,231
579394,Kocbeře,Královéhradecký kraj,13,72,530
579408,Kohoutov,Královéhradecký kraj,13,61,278
579416,Kuks,Královéhradecký kraj,12,74,264
579424,Kunčice nad Labem,Královéhradecký kraj,43,191,586
579432,Lánov,Královéhradecký kraj,57,373,1802
579441,Lanžov,Královéhradecký kraj,5,33,217
579459,Ctiboř,Plzeňský kraj,10,55,312
579467,Skapce,Plzeňský kraj,19,163,118
579475,Libňatov,Královéhradecký kraj,2,2,379
579483,Libotov,Královéhradecký kraj,6,14,175
579491,Vranov,Plzeňský kraj,6,26,199
579505,Malá Úpa,Královéhradecký kraj,9,46,154
579513,Malé Svatoňovice,Královéhradecký kraj,62,349,1566
579530,Maršov u Úpice,Královéhradecký kraj,4,26,188
579548,Mladé Buky,Královéhradecký kraj,152,824,2319
579556,Mostek,Královéhradecký kraj,68,371,1186
579564,Nemojov,Královéhradecký kraj,15,114,804
579581,Pec pod Sněžkou,Královéhradecký kraj,24,98,738
579599,Pilníkov,Královéhradecký kraj,80,520,1213
579602,Prosečné,Královéhradecký kraj,33,156,588
579629,Radvanice,Královéhradecký kraj,69,270,962
579637,Rtyně v Podkrkonoší,Královéhradecký kraj,90,449,2911
579645,Rudník,Královéhradecký kraj,146,798,2009
579661,Staré Buky,Královéhradecký kraj,31,171,656
579696,Strážné,Královéhradecký kraj,16,73,224
579726,Suchovršice,Královéhradecký kraj,9,63,376
579734,Svoboda nad Úpou,Královéhradecký kraj,112,583,2040
579742,Špindlerův Mlýn,Královéhradecký kraj,40,199,1132
579751,Trotina,Královéhradecký kraj,4,19,88
579769,Třebihošť,Královéhradecký kraj,5,21,454
579777,Úpice,Královéhradecký kraj,559,3861,5507
579785,Velké Svatoňovice,Královéhradecký kraj,32,120,1264
579793,Velký Vřešťov,Královéhradecký kraj,16,93,249
579815,Vítězná,Královéhradecký kraj,100,565,1522
579823,Vlčice,Královéhradecký kraj,23,200,561
579831,Vlčkovice v Podkrkonoší,Královéhradecký kraj,21,129,364
579858,Vrchlabí,Královéhradecký kraj,589,2948,12171
579866,Zlatá Olešnice,Královéhradecký kraj,13,83,215
579874,Žacléř,Královéhradecký kraj,257,1438,3104
579891,Ústí nad Orlicí,Pardubický kraj,736,3919,14154
579947,Brandýs nad Orlicí,Pardubický kraj,44,187,1304
579963,Bučina,Pardubický kraj,4,36,253
579971,Bystřec,Pardubický kraj,11,47,1139
579980,Cotkytle,Pardubický kraj,32,190,393
579998,Čenkovice,Pardubický kraj,3,25,192
580015,Červená Voda,Pardubický kraj,172,949,2992
580023,Česká Rybná,Pardubický kraj,4,19,373
580031,Česká Třebová,Pardubický kraj,852,4747,15164
580040,České Heřmanice,Pardubický kraj,14,82,609
580058,České Libchavy,Pardubický kraj,12,43,647
580066,České Petrovice,Pardubický kraj,2,5,156
580074,Damníkov,Pardubický kraj,20,104,685
580091,Dobříkov,Pardubický kraj,6,24,577
580112,Dolní Čermná,Pardubický kraj,25,167,1376
580121,Dolní Dobrouč,Pardubický kraj,62,359,2603
580147,Libchavy,Pardubický kraj,36,168,1788
580163,Dolní Morava,Pardubický kraj,28,125,424
580210,Džbánov,Pardubický kraj,5,20,375
580228,Hejnice,Pardubický kraj,5,18,212
580261,Hnátnice,Pardubický kraj,20,82,798
580279,Horní Čermná,Pardubický kraj,19,82,1006
580295,Horní Heřmanice,Pardubický kraj,6,29,447
580325,Sloupnice,Pardubický kraj,36,199,1838
580333,Horní Třešňovec,Pardubický kraj,11,68,629
580341,Hrušová,Pardubický kraj,11,65,406
580350,Choceň,Pardubický kraj,344,1924,8684
580376,Jablonné nad Orlicí,Pardubický kraj,107,572,3078
580392,Jamné nad Orlicí,Pardubický kraj,11,78,712
580406,Javorník,Pardubický kraj,8,45,242
580414,Jehnědí,Pardubický kraj,4,15,340
580422,Kameničná,Pardubický kraj,11,79,336
580431,Klášterec nad Orlicí,Pardubický kraj,44,260,896
580465,Koldín,Pardubický kraj,9,42,380
580481,Králíky,Pardubický kraj,237,1253,4132
580490,Krasíkov,Pardubický kraj,19,96,300
580503,Kunvald,Pardubický kraj,28,144,939
580511,Lanškroun,Pardubický kraj,374,1968,9803
580538,Letohrad,Pardubický kraj,167,876,6480
580562,Libecina,Pardubický kraj,4,17,203
580571,Lichkov,Pardubický kraj,29,196,482
580589,Líšnice,Pardubický kraj,22,108,778
580619,Lubník,Pardubický kraj,5,40,364
580627,Lukavice,Pardubický kraj,21,119,1203
580635,Luková,Pardubický kraj,45,273,752
580643,Mistrovice,Pardubický kraj,16,62,629
580651,Mladkov,Pardubický kraj,24,145,539
580660,Mostek,Pardubický kraj,2,9,279
580678,Nasavrky,Pardubický kraj,5,21,141
580686,Nekoř,Pardubický kraj,10,72,980
580694,Němčice,Pardubický kraj,24,139,1052
580708,Svatý Jiří,Pardubický kraj,2,15,286
580716,Orlické Podhůří,Pardubický kraj,27,154,686
580724,Orličky,Pardubický kraj,18,111,268
580732,Ostrov,Pardubický kraj,40,219,714
580741,Oucmanice,Pardubický kraj,11,41,251
580759,Pastviny,Pardubický kraj,9,54,380
580767,Petrovice,Pardubický kraj,4,5,256
580775,Písečná,Pardubický kraj,10,38,569
580783,Plchovice,Pardubický kraj,5,21,65
580805,Podlesí,Pardubický kraj,3,8,273
580821,Přívrat,Pardubický kraj,2,15,366
580848,Rudoltice,Pardubický kraj,102,547,1967
580872,Řetová,Pardubický kraj,15,78,716
580881,Řetůvka,Pardubický kraj,14,71,279
580902,Seč,Pardubický kraj,4,12,161
580929,Skořenice,Pardubický kraj,14,119,412
580945,Slatina,Pardubický kraj,9,54,467
580961,Sopotnice,Pardubický kraj,22,130,908
580970,Sruby,Pardubický kraj,6,25,584
580988,Strážná,Pardubický kraj,3,29,113
580996,Studené,Pardubický kraj,5,29,183
581003,Sudislav nad Orlicí,Pardubický kraj,3,17,148
581011,Sudslava,Pardubický kraj,2,3,177
581038,Šedivec,Pardubický kraj,4,27,204
581046,Tatenice,Pardubický kraj,34,145,896
581054,Těchonín,Pardubický kraj,13,89,595
581062,Tisová,Pardubický kraj,12,26,613
581071,Třebovice,Pardubický kraj,47,312,801
581089,Újezd u Chocně,Pardubický kraj,13,74,329
581101,Velká Skrovnice,Pardubický kraj,11,58,298
581119,Verměřovice,Pardubický kraj,11,45,782
581127,Vlčkov,Pardubický kraj,3,9,106
581143,Voděrady,Pardubický kraj,5,25,330
581151,Vraclav,Pardubický kraj,43,204,770
581178,Výprachtice,Pardubický kraj,21,104,955
581186,Vysoké Mýto,Pardubický kraj,636,3007,12376
581194,Zádolí,Pardubický kraj,4,34,96
581208,Záchlumí,Pardubický kraj,19,67,768
581216,Zálší,Pardubický kraj,6,37,239
581224,Zámrsk,Pardubický kraj,30,104,754
581232,Zářecká Lhota,Pardubický kraj,1,4,210
581259,Žamberk,Pardubický kraj,258,1333,5942
581267,Žampach,Pardubický kraj,7,24,292
581275,Žichlínek,Pardubický kraj,25,133,999
581283,Blansko,Jihomoravský kraj,725,3879,20198
581291,Adamov,Jihomoravský kraj,276,1591,4566
581313,Bedřichov,Jihomoravský kraj,6,27,238
581321,Běleč,Jihomoravský kraj,2,4,208
581330,Benešov,Jihomoravský kraj,25,127,670
581356,Borotín,Jihomoravský kraj,8,20,424
581364,Bořitov,Jihomoravský kraj,39,284,1297
581372,Boskovice,Jihomoravský kraj,424,2107,12173
581381,Brťov-Jeneč,Jihomoravský kraj,9,39,352
581402,Brumov,Jihomoravský kraj,7,13,257
581429,Březina,Jihomoravský kraj,7,56,1102
581445,Bukovina,Jihomoravský kraj,8,39,463
581453,Bukovinka,Jihomoravský kraj,10,46,640
581461,Býkovice,Jihomoravský kraj,2,19,273
581470,Cetkovice,Jihomoravský kraj,17,103,803
581496,Černá Hora,Jihomoravský kraj,59,335,2134
581500,Černovice,Jihomoravský kraj,11,95,388
581518,Deštná,Jihomoravský kraj,5,27,216
581526,Dlouhá Lhota,Jihomoravský kraj,1,1,139
581534,Chrudichromy,Jihomoravský kraj,4,30,220
581542,Doubravice nad Svitavou,Jihomoravský kraj,32,211,1369
581551,Drnovice,Jihomoravský kraj,36,200,1355
581569,Habrůvka,Jihomoravský kraj,9,78,420
581577,Hluboké Dvory,Jihomoravský kraj,1,7,97
581593,Hodonín,Jihomoravský kraj,9,58,139
581615,Holštejn,Jihomoravský kraj,4,29,165
581631,Horní Poříčí,Jihomoravský kraj,6,40,263
581666,Jabloňany,Jihomoravský kraj,4,16,428
581682,Jedovnice,Jihomoravský kraj,62,341,2957
581721,Kněževes,Jihomoravský kraj,4,12,171
581739,Knínice,Jihomoravský kraj,20,133,963
581755,Kořenec,Jihomoravský kraj,10,62,367
581763,Kotvrdovice,Jihomoravský kraj,8,32,921
581771,Kozárov,Jihomoravský kraj,2,5,117
581780,Krasová,Jihomoravský kraj,16,62,480
581798,Krhov,Jihomoravský kraj,4,25,155
581801,Křetín,Jihomoravský kraj,10,41,487
581810,Křtěnov,Jihomoravský kraj,11,47,213
581828,Křtiny,Jihomoravský kraj,26,100,820
581836,Kulířov,Jihomoravský kraj,1,5,166
581852,Kunice,Jihomoravský kraj,2,10,192
581861,Kuničky,Jihomoravský kraj,4,28,270
581879,Kunštát,Jihomoravský kraj,99,670,2834
581887,Lazinov,Jihomoravský kraj,1,8,228
581909,Lažany,Jihomoravský kraj,12,98,445
581917,Letovice,Jihomoravský kraj,238,1195,7109
581925,Lhota Rapotina,Jihomoravský kraj,8,47,407
581933,Lhota u Lysic,Jihomoravský kraj,5,19,136
581941,Lhota u Olešnice,Jihomoravský kraj,1,6,46
581950,Lipovec,Jihomoravský kraj,41,229,1216
581968,Lipůvka,Jihomoravský kraj,21,119,1447
581976,Lomnice,Jihomoravský kraj,47,246,1506
581992,Lubě,Jihomoravský kraj,1,1,106
582018,Lysice,Jihomoravský kraj,58,243,1944
582026,Makov,Jihomoravský kraj,1,2,45
582034,Malá Lhota,Jihomoravský kraj,4,29,163
582042,Malá Roudka,Jihomoravský kraj,6,55,213
582069,Míchov,Jihomoravský kraj,2,12,177
582077,Milonice,Jihomoravský kraj,2,16,171
582085,Němčice,Jihomoravský kraj,15,102,473
582107,Nýrov,Jihomoravský kraj,2,8,221
582115,Obora,Jihomoravský kraj,4,24,360
582123,Ochoz u Tišnova,Jihomoravský kraj,1,1,115
582131,Okrouhlá,Jihomoravský kraj,10,58,609
582158,Olešnice,Jihomoravský kraj,41,167,1660
582166,Olomučany,Jihomoravský kraj,17,91,1085
582174,Osiky,Jihomoravský kraj,3,11,127
582182,Ostrov u Macochy,Jihomoravský kraj,28,128,1098
582191,Pamětice,Jihomoravský kraj,4,39,268
582204,Petrov,Jihomoravský kraj,5,31,132
582212,Petrovice,Jihomoravský kraj,37,256,650
582221,Prostřední Poříčí,Jihomoravský kraj,1,2,255
582239,Rájec-Jestřebí,Jihomoravský kraj,135,768,3728
582247,Ráječko,Jihomoravský kraj,39,233,1361
582255,Rašov,Jihomoravský kraj,1,1,253
582263,Rohozec,Jihomoravský kraj,5,33,236
582271,Rozseč nad Kunštátem,Jihomoravský kraj,7,36,564
582280,Rozsíčka,Jihomoravský kraj,5,31,139
582298,Rudice,Jihomoravský kraj,20,110,978
582310,Sebranice,Jihomoravský kraj,22,119,671
582328,Senetářov,Jihomoravský kraj,8,31,592
582336,Skalice nad Svitavou,Jihomoravský kraj,30,143,639
582344,Skrchov,Jihomoravský kraj,2,14,130
582352,Sloup,Jihomoravský kraj,22,110,978
582379,Strhaře,Jihomoravský kraj,2,22,137
582395,Sudice,Jihomoravský kraj,13,63,459
582409,Suchý,Jihomoravský kraj,8,37,471
582417,Sulíkov,Jihomoravský kraj,4,18,308
582433,Svinošice,Jihomoravský kraj,2,14,399
582441,Svitávka,Jihomoravský kraj,77,471,1882
582450,Synalov,Jihomoravský kraj,3,16,113
582468,Šebetov,Jihomoravský kraj,34,202,828
582476,Šebrov-Kateřina,Jihomoravský kraj,13,47,844
582484,Šošůvka,Jihomoravský kraj,12,56,680
582492,Štěchov,Jihomoravský kraj,6,16,195
582506,Tasovice,Jihomoravský kraj,0,0,69
582531,Uhřice,Jihomoravský kraj,12,70,298
582557,Újezd u Černé Hory,Jihomoravský kraj,5,44,269
582565,Unín,Jihomoravský kraj,13,75,234
582573,Úsobrno,Jihomoravský kraj,23,139,432
582581,Valchov,Jihomoravský kraj,6,28,457
582590,Vanovice,Jihomoravský kraj,26,189,566
582603,Vavřinec,Jihomoravský kraj,19,100,887
582611,Vážany,Jihomoravský kraj,3,9,238
582620,Stvolová,Jihomoravský kraj,6,21,167
582646,Velké Opatovice,Jihomoravský kraj,173,846,3496
582654,Vilémovice,Jihomoravský kraj,10,53,347
582662,Vísky,Jihomoravský kraj,1,2,250
582671,Voděrady,Jihomoravský kraj,12,66,552
582689,Vranová,Jihomoravský kraj,8,26,395
582701,Vysočany,Jihomoravský kraj,14,66,762
582727,Zbraslavec,Jihomoravský kraj,5,33,228
582735,Zhoř,Jihomoravský kraj,2,4,76
582743,Žďár,Jihomoravský kraj,6,15,396
582751,Žďárná,Jihomoravský kraj,21,165,769
582760,Žernovník,Jihomoravský kraj,7,32,268
582778,Žerůtky,Jihomoravský kraj,2,33,83
582786,Brno,Jihomoravský kraj,23533,155558,398688
582794,Babice nad Svitavou,Jihomoravský kraj,24,143,1426
582808,Babice u Rosic,Jihomoravský kraj,16,73,804
582824,Bílovice nad Svitavou,Jihomoravský kraj,84,607,3759
582832,Biskoupky,Jihomoravský kraj,3,10,185
582841,Blažovice,Jihomoravský kraj,20,136,1252
582859,Blučina,Jihomoravský kraj,45,227,2303
582875,Braníškov,Jihomoravský kraj,8,52,214
582883,Bratčice,Jihomoravský kraj,16,95,671
582891,Březina,Jihomoravský kraj,8,56,360
582913,Čebín,Jihomoravský kraj,53,289,1956
582921,Česká,Jihomoravský kraj,17,84,1009
582930,Čučice,Jihomoravský kraj,13,45,452
582948,Deblín,Jihomoravský kraj,22,109,1135
582956,Dolní Kounice,Jihomoravský kraj,119,589,2538
582964,Domašov,Jihomoravský kraj,18,101,672
582972,Drásov,Jihomoravský kraj,28,167,2070
582999,Hajany,Jihomoravský kraj,20,93,689
583014,Heroltice,Jihomoravský kraj,4,29,236
583022,Hlína,Jihomoravský kraj,9,60,319
583031,Holasice,Jihomoravský kraj,24,93,1379
583057,Hostěnice,Jihomoravský kraj,15,61,841
583065,Hradčany,Jihomoravský kraj,13,66,681
583081,Hrušovany u Brna,Jihomoravský kraj,210,1384,3583
583090,Hvozdec,Jihomoravský kraj,7,18,353
583111,Chudčice,Jihomoravský kraj,20,115,1023
583120,Ivančice,Jihomoravský kraj,432,2346,9952
583154,Javůrek,Jihomoravský kraj,5,33,360
583171,Jinačovice,Jihomoravský kraj,13,90,796
583189,Jiříkovice,Jihomoravský kraj,9,78,980
583197,Kanice,Jihomoravský kraj,14,61,1099
583201,Ketkovice,Jihomoravský kraj,17,86,628
583219,Kobylnice,Jihomoravský kraj,26,150,1194
583227,Kovalovice,Jihomoravský kraj,13,72,671
583235,Kratochvilka,Jihomoravský kraj,13,114,481
583243,Kupařovice,Jihomoravský kraj,15,70,387
583251,Kuřim,Jihomoravský kraj,393,2185,11301
583260,Lažánky,Jihomoravský kraj,15,59,917
583278,Ledce,Jihomoravský kraj,10,82,257
583286,Lelekovice,Jihomoravský kraj,31,201,1939
583294,Lesní Hluboké,Jihomoravský kraj,2,11,270
583308,Litostrov,Jihomoravský kraj,3,11,131
583316,Lomnička,Jihomoravský kraj,13,88,601
583324,Lukovany,Jihomoravský kraj,21,99,655
583332,Malešovice,Jihomoravský kraj,18,154,816
583341,Malhostovice,Jihomoravský kraj,21,98,1015
583359,Maršov,Jihomoravský kraj,12,70,526
583367,Medlov,Jihomoravský kraj,18,69,902
583375,Mělčany,Jihomoravský kraj,10,41,482
583383,Měnín,Jihomoravský kraj,64,400,1873
583391,Modřice,Jihomoravský kraj,148,810,5611
583405,Mokrá-Horákov,Jihomoravský kraj,64,358,2885
583413,Moravany,Jihomoravský kraj,42,226,3445
583421,Moravské Bránice,Jihomoravský kraj,36,171,972
583430,Moravské Knínice,Jihomoravský kraj,20,77,1162
583448,Moutnice,Jihomoravský kraj,33,141,1166
583456,Nebovidy,Jihomoravský kraj,17,85,851
583464,Nelepeč-Žernůvka,Jihomoravský kraj,2,9,72
583472,Němčičky,Jihomoravský kraj,8,32,331
583481,Neslovice,Jihomoravský kraj,39,209,996
583499,Nesvačilka,Jihomoravský kraj,10,72,335
583502,Nová Ves,Jihomoravský kraj,26,122,829
583511,Nové Bránice,Jihomoravský kraj,7,31,947
583529,Odrovice,Jihomoravský kraj,12,109,238
583537,Ochoz u Brna,Jihomoravský kraj,32,219,1557
583545,Omice,Jihomoravský kraj,25,175,843
583553,Opatovice,Jihomoravský kraj,51,257,1162
583561,Ořechov,Jihomoravský kraj,72,478,2873
583588,Oslavany,Jihomoravský kraj,206,1032,4833
583596,Ostopovice,Jihomoravský kraj,38,193,1750
583600,Ostrovačice,Jihomoravský kraj,15,84,870
583634,Podolí,Jihomoravský kraj,25,162,1438
583651,Popovice,Jihomoravský kraj,5,25,371
583669,Popůvky,Jihomoravský kraj,31,104,1781
583677,Pozořice,Jihomoravský kraj,54,289,2397
583685,Prace,Jihomoravský kraj,30,123,977
583693,Pravlov,Jihomoravský kraj,17,116,677
583707,Prštice,Jihomoravský kraj,19,130,971
583715,Příbram na Moravě,Jihomoravský kraj,19,91,643
583723,Přibyslavice,Jihomoravský kraj,15,76,536
583731,Přísnotice,Jihomoravský kraj,13,91,874
583740,Radostice,Jihomoravský kraj,17,83,781
583758,Rajhrad,Jihomoravský kraj,99,618,4069
583766,Rajhradice,Jihomoravský kraj,41,210,1605
583774,Rebešovice,Jihomoravský kraj,15,72,1087
583782,Rosice,Jihomoravský kraj,222,1156,6713
583791,Rozdrojovice,Jihomoravský kraj,22,100,1088
583804,Rudka,Jihomoravský kraj,7,25,404
583821,Řícmanice,Jihomoravský kraj,10,78,844
583839,Říčany,Jihomoravský kraj,75,394,2144
583847,Sentice,Jihomoravský kraj,13,94,654
583855,Silůvky,Jihomoravský kraj,15,63,850
583863,Sivice,Jihomoravský kraj,18,127,1110
583880,Sobotovice,Jihomoravský kraj,13,60,643
583898,Sokolnice,Jihomoravský kraj,48,235,2397
583901,Stanoviště,Jihomoravský kraj,17,88,422
583910,Střelice,Jihomoravský kraj,36,193,3277
583928,Svatoslav,Jihomoravský kraj,15,66,456
583936,Syrovice,Jihomoravský kraj,39,218,2019
583944,Šerkovice,Jihomoravský kraj,3,14,352
583952,Šlapanice,Jihomoravský kraj,185,1123,7967
583961,Štěpánovice,Jihomoravský kraj,12,55,497
583979,Telnice,Jihomoravský kraj,27,146,1663
583987,Tetčice,Jihomoravský kraj,19,105,1143
583995,Těšany,Jihomoravský kraj,36,190,1297
584002,Tišnov,Jihomoravský kraj,322,1815,9283
584011,Trboušany,Jihomoravský kraj,6,22,382
584029,Troubsko,Jihomoravský kraj,51,263,2418
584037,Tvarožná,Jihomoravský kraj,21,136,1335
584045,Újezd u Brna,Jihomoravský kraj,82,468,3387
584053,Újezd u Rosic,Jihomoravský kraj,11,63,286
584061,Unkovice,Jihomoravský kraj,8,36,729
584070,Úsuší,Jihomoravský kraj,5,27,125
584096,Velatice,Jihomoravský kraj,5,40,768
584100,Veverská Bítýška,Jihomoravský kraj,92,525,3530
584118,Veverské Knínice,Jihomoravský kraj,26,132,992
584126,Viničné Šumice,Jihomoravský kraj,19,121,1381
584134,Vohančice,Jihomoravský kraj,3,10,201
584142,Vojkovice,Jihomoravský kraj,27,118,1217
584151,Vranov,Jihomoravský kraj,21,112,911
584169,Všechovice,Jihomoravský kraj,6,29,264
584177,Vysoké Popovice,Jihomoravský kraj,9,34,751
584185,Zakřany,Jihomoravský kraj,24,334,822
584193,Zálesná Zhoř,Jihomoravský kraj,8,36,58
584207,Zastávka,Jihomoravský kraj,128,629,2514
584215,Zbraslav,Jihomoravský kraj,27,176,1276
584223,Zbýšov,Jihomoravský kraj,196,1157,3684
584231,Žabčice,Jihomoravský kraj,56,323,1664
584240,Žatčany,Jihomoravský kraj,24,117,943
584266,Želešice,Jihomoravský kraj,61,319,1921
584274,Železné,Jihomoravský kraj,10,55,604
584282,Židlochovice,Jihomoravský kraj,141,682,3699
584291,Břeclav,Jihomoravský kraj,1466,7808,24800
584304,Bavory,Jihomoravský kraj,12,59,412
584321,Boleradice,Jihomoravský kraj,30,122,941
584339,Borkovany,Jihomoravský kraj,61,298,845
584347,Bořetice,Jihomoravský kraj,36,178,1356
584355,Brod nad Dyjí,Jihomoravský kraj,28,138,573
584363,Brumovice,Jihomoravský kraj,38,223,1039
584371,Březí,Jihomoravský kraj,50,271,1791
584380,Bulhary,Jihomoravský kraj,28,120,719
584401,Diváky,Jihomoravský kraj,14,64,517
584410,Dobré Pole,Jihomoravský kraj,24,151,453
584428,Dolní Dunajovice,Jihomoravský kraj,53,217,1707
584436,Dolní Věstonice,Jihomoravský kraj,11,34,301
584444,Drnholec,Jihomoravský kraj,91,428,1852
584452,Hlohovec,Jihomoravský kraj,30,135,1331
584461,Horní Bojanovice,Jihomoravský kraj,16,107,657
584479,Horní Věstonice,Jihomoravský kraj,14,51,525
584487,Hrušky,Jihomoravský kraj,57,357,1649
584495,Hustopeče,Jihomoravský kraj,205,1246,6344
584517,Ivaň,Jihomoravský kraj,21,83,816
584525,Jevišovka,Jihomoravský kraj,71,426,694
584541,Klentnice,Jihomoravský kraj,16,76,493
584550,Klobouky u Brna,Jihomoravský kraj,110,645,2495
584568,Kobylí,Jihomoravský kraj,77,417,1995
584576,Kostice,Jihomoravský kraj,61,302,1876
584584,Krumvíř,Jihomoravský kraj,32,201,1246
584592,Křepice,Jihomoravský kraj,36,179,1331
584622,Lanžhot,Jihomoravský kraj,182,832,3628
584631,Lednice,Jihomoravský kraj,95,396,2267
584649,Mikulov,Jihomoravský kraj,478,2396,7677
584657,Milovice,Jihomoravský kraj,27,136,483
584665,Moravská Nová Ves,Jihomoravský kraj,100,579,2632
584673,Moravský Žižkov,Jihomoravský kraj,79,381,1477
584681,Morkůvky,Jihomoravský kraj,22,114,508
584703,Němčičky,Jihomoravský kraj,31,158,800
584711,Nikolčice,Jihomoravský kraj,31,176,795
584720,Nosislav,Jihomoravský kraj,24,104,1360
584746,Novosedly,Jihomoravský kraj,61,294,1357
584754,Nový Přerov,Jihomoravský kraj,34,217,366
584762,Pasohlávky,Jihomoravský kraj,28,155,755
584771,Pavlov,Jihomoravský kraj,15,65,628
584789,Perná,Jihomoravský kraj,23,113,809
584797,Podivín,Jihomoravský kraj,155,788,2948
584801,Pohořelice,Jihomoravský kraj,241,1129,5804
584819,Popice,Jihomoravský kraj,23,123,980
584835,Pouzdřany,Jihomoravský kraj,47,257,806
584843,Přibice,Jihomoravský kraj,37,208,1077
584851,Přítluky,Jihomoravský kraj,39,179,781
584860,Rakvice,Jihomoravský kraj,65,335,2317
584878,Sedlec,Jihomoravský kraj,41,210,861
584894,Starovice,Jihomoravský kraj,28,140,968
584908,Starovičky,Jihomoravský kraj,33,203,945
584916,Strachotín,Jihomoravský kraj,41,234,815
584924,Šakvice,Jihomoravský kraj,36,208,1572
584932,Šitbořice,Jihomoravský kraj,48,233,2129
584941,Tvrdonice,Jihomoravský kraj,90,411,2099
584959,Týnec,Jihomoravský kraj,78,447,1099
584967,Uherčice,Jihomoravský kraj,24,126,1108
584975,Valtice,Jihomoravský kraj,148,683,3591
584983,Velké Bílovice,Jihomoravský kraj,72,345,3864
584991,Velké Hostěrádky,Jihomoravský kraj,15,68,502
585009,Velké Němčice,Jihomoravský kraj,30,139,2067
585017,Velké Pavlovice,Jihomoravský kraj,92,513,3088
585025,Vlasatice,Jihomoravský kraj,44,230,936
585033,Vranovice,Jihomoravský kraj,67,283,2449
585041,Vrbice,Jihomoravský kraj,46,249,1084
585050,Zaječí,Jihomoravský kraj,56,372,1532
585068,Zlín,Zlínský kraj,2795,14555,74221
585076,Biskupice,Zlínský kraj,23,115,691
585092,Bohuslavice u Zlína,Zlínský kraj,18,120,736
585106,Bratřejov,Zlínský kraj,6,45,802
585114,Brumov-Bylnice,Zlínský kraj,165,834,5455
585131,Březová,Zlínský kraj,13,77,515
585149,Březůvky,Zlínský kraj,12,73,767
585157,Dešná,Zlínský kraj,3,5,210
585165,Dobrkovice,Zlínský kraj,5,24,247
585173,Dolní Lhota,Zlínský kraj,9,25,692
585181,Doubravy,Zlínský kraj,16,87,599
585190,Drnovice,Zlínský kraj,11,71,451
585203,Držková,Zlínský kraj,8,53,369
585211,Fryšták,Zlínský kraj,77,335,3835
585220,Halenkovice,Zlínský kraj,52,238,2015
585238,Haluzice,Zlínský kraj,3,10,78
585246,Horní Lhota,Zlínský kraj,12,73,604
585254,Hostišová,Zlínský kraj,9,52,560
585262,Hrobice,Zlínský kraj,22,159,460
585271,Hřivínův Újezd,Zlínský kraj,8,16,515
585289,Hvozdná,Zlínský kraj,30,168,1318
585301,Jasenná,Zlínský kraj,11,31,959
585319,Jestřabí,Zlínský kraj,4,25,277
585343,Kašava,Zlínský kraj,24,122,990
585432,Loučka,Zlínský kraj,15,47,436
585441,Ludkovice,Zlínský kraj,9,31,729
585459,Luhačovice,Zlínský kraj,141,775,5094
585467,Lukov,Zlínský kraj,57,272,1798
585483,Lutonina,Zlínský kraj,8,36,421
585491,Machová,Zlínský kraj,17,99,690
585505,Mysločovice,Zlínský kraj,18,90,718
585513,Napajedla,Zlínský kraj,224,1065,7190
585521,Návojná,Zlínský kraj,21,152,692
585530,Nedašov,Zlínský kraj,21,132,1347
585548,Nedašova Lhota,Zlínský kraj,16,108,679
585556,Neubuz,Zlínský kraj,9,16,447
585599,Otrokovice,Zlínský kraj,921,5089,17668
585611,Podkopná Lhota,Zlínský kraj,14,57,314
585661,Provodov,Zlínský kraj,11,60,782
585670,Racková,Zlínský kraj,8,31,839
585726,Sazovice,Zlínský kraj,10,28,900
585734,Sehradice,Zlínský kraj,11,75,691
585751,Slavičín,Zlínský kraj,137,641,6230
585769,Slopné,Zlínský kraj,3,9,552
585777,Slušovice,Zlínský kraj,117,523,2957
585793,Spytihněv,Zlínský kraj,53,278,1668
585807,Šanov,Zlínský kraj,13,79,471
585815,Šarovy,Zlínský kraj,5,27,248
585831,Štítná nad Vláří-Popov,Zlínský kraj,38,213,2143
585858,Tlumačov,Zlínský kraj,91,469,2470
585866,Trnava,Zlínský kraj,29,167,1190
585874,Ublo,Zlínský kraj,5,50,292
585882,Újezd,Zlínský kraj,32,118,1178
585891,Valašské Klobouky,Zlínský kraj,158,791,4867
585912,Velký Ořechov,Zlínský kraj,18,96,734
585921,Veselá,Zlínský kraj,35,178,842
585939,Vizovice,Zlínský kraj,148,712,4882
585955,Vlachovice,Zlínský kraj,27,164,1483
585963,Vlčková,Zlínský kraj,12,69,418
585971,Všemina,Zlínský kraj,19,110,1157
585980,Vysoké Pole,Zlínský kraj,27,137,868
585998,Zádveřice-Raková,Zlínský kraj,39,224,1536
586005,Závist,Jihomoravský kraj,3,12,152
586013,Žlutava,Zlínský kraj,25,150,1187
586021,Hodonín,Jihomoravský kraj,1771,9097,23715
586030,Archlebov,Jihomoravský kraj,36,169,879
586048,Blatnice pod Svatým Antonínkem,Jihomoravský kraj,51,191,1946
586056,Blatnička,Jihomoravský kraj,7,56,428
586064,Světlá,Jihomoravský kraj,4,16,249
586072,Bukovany,Jihomoravský kraj,26,105,692
586081,Bzenec,Jihomoravský kraj,246,1110,4596
586099,Čejč,Jihomoravský kraj,38,143,1277
586102,Čejkovice,Jihomoravský kraj,33,218,2408
586111,Čeložnice,Jihomoravský kraj,11,55,409
586129,Dambořice,Jihomoravský kraj,36,158,1525
586137,Dolní Bojanovice,Jihomoravský kraj,47,140,3055
586145,Domanín,Jihomoravský kraj,41,212,1024
586153,Dražůvky,Jihomoravský kraj,13,86,255
586161,Dubňany,Jihomoravský kraj,330,1612,6248
586170,Hovorany,Jihomoravský kraj,65,360,2173
586188,Hroznová Lhota,Jihomoravský kraj,33,149,1152
586196,Hrubá Vrbka,Jihomoravský kraj,25,156,620
586200,Hýsly,Jihomoravský kraj,28,123,407
586218,Javorník,Jihomoravský kraj,17,75,672
586226,Ježov,Jihomoravský kraj,45,260,714
586234,Josefov,Jihomoravský kraj,10,37,451
586242,Karlín,Jihomoravský kraj,10,55,195
586251,Kelčany,Jihomoravský kraj,9,63,246
586269,Kněždub,Jihomoravský kraj,36,165,1036
586277,Kostelec,Jihomoravský kraj,24,126,883
586285,Kozojídky,Jihomoravský kraj,7,34,549
586293,Kuželov,Jihomoravský kraj,11,80,407
586307,Kyjov,Jihomoravský kraj,414,2303,10835
586315,Labuty,Jihomoravský kraj,14,63,174
586323,Lipov,Jihomoravský kraj,34,186,1430
586331,Louka,Jihomoravský kraj,27,132,931
586340,Lovčice,Jihomoravský kraj,24,100,845
586358,Lužice,Jihomoravský kraj,101,575,2895
586374,Mikulčice,Jihomoravský kraj,70,316,1995
586382,Milotice,Jihomoravský kraj,61,263,1893
586391,Moravany,Jihomoravský kraj,20,83,715
586404,Moravský Písek,Jihomoravský kraj,76,399,2082
586412,Mutěnice,Jihomoravský kraj,121,550,3748
586421,Násedlovice,Jihomoravský kraj,21,160,886
586439,Nechvalín,Jihomoravský kraj,13,37,335
586447,Nenkovice,Jihomoravský kraj,26,148,478
586455,Nová Lhota,Jihomoravský kraj,19,94,619
586463,Nový Poddvorov,Jihomoravský kraj,5,27,231
586471,Ostrovánky,Jihomoravský kraj,11,36,226
586480,Petrov,Jihomoravský kraj,41,223,1323
586498,Prušánky,Jihomoravský kraj,80,372,2176
586501,Radějov,Jihomoravský kraj,18,54,844
586510,Ratíškovice,Jihomoravský kraj,113,485,3968
586528,Rohatec,Jihomoravský kraj,157,748,3469
586536,Skalka,Jihomoravský kraj,8,30,148
586544,Skoronice,Jihomoravský kraj,19,106,497
586552,Sobůlky,Jihomoravský kraj,21,79,833
586561,Starý Poddvorov,Jihomoravský kraj,34,187,950
586579,Stavěšice,Jihomoravský kraj,15,51,371
586587,Strážnice,Jihomoravský kraj,136,616,5399
586595,Strážovice,Jihomoravský kraj,21,107,599
586609,Sudoměřice,Jihomoravský kraj,38,165,1254
586617,Suchov,Jihomoravský kraj,18,94,482
586625,Svatobořice-Mistřín,Jihomoravský kraj,104,532,3541
586633,Syrovín,Jihomoravský kraj,12,51,359
586641,Šardice,Jihomoravský kraj,56,250,2167
586650,Tasov,Jihomoravský kraj,13,46,525
586668,Těmice,Jihomoravský kraj,29,197,930
586676,Terezín,Jihomoravský kraj,18,89,373
586684,Tvarožná Lhota,Jihomoravský kraj,37,200,943
586692,Uhřice,Jihomoravský kraj,26,152,767
586706,Vacenovice,Jihomoravský kraj,50,202,2153
586714,Velká nad Veličkou,Jihomoravský kraj,123,663,2828
586722,Veselí nad Moravou,Jihomoravský kraj,584,3040,10595
586731,Věteřov,Jihomoravský kraj,32,133,523
586749,Vlkoš,Jihomoravský kraj,30,122,1018
586757,Vnorovy,Jihomoravský kraj,73,330,2937
586765,Vracov,Jihomoravský kraj,126,617,4524
586773,Vřesovice,Jihomoravský kraj,26,134,583
586781,Žádovice,Jihomoravský kraj,31,143,730
586790,Žarošice,Jihomoravský kraj,33,185,1119
586803,Ždánice,Jihomoravský kraj,89,511,2533
586811,Želetice,Jihomoravský kraj,17,89,520
586820,Žeravice,Jihomoravský kraj,49,256,1001
586838,Žeraviny,Jihomoravský kraj,5,19,186
586846,Jihlava,Kraj Vysočina,2990,18922,53468
586854,Arnolec,Kraj Vysočina,3,13,200
586862,Batelov,Kraj Vysočina,94,591,2437
586871,Lipová,Zlínský kraj,7,20,358
586897,Bítovčice,Kraj Vysočina,13,57,411
586901,Bohuslavice,Kraj Vysočina,5,43,144
586919,Rudimov,Zlínský kraj,2,6,253
586927,Boršov,Kraj Vysočina,7,38,173
586943,Brtnice,Kraj Vysočina,113,725,3877
586951,Brzkov,Kraj Vysočina,6,42,351
586960,Křekov,Zlínský kraj,2,11,193
586978,Cejle,Kraj Vysočina,4,15,521
586986,Cerekvička-Rosice,Kraj Vysočina,5,41,230
586994,Vlachova Lhota,Zlínský kraj,2,2,212
587001,Černíč,Kraj Vysočina,2,9,137
587010,Dlouhá Brtnice,Kraj Vysočina,9,47,384
587028,Dobronín,Kraj Vysočina,95,564,1914
587036,Dobroutov,Kraj Vysočina,8,35,303
587044,Dolní Cerekev,Kraj Vysočina,39,211,1236
587052,Karlovice,Zlínský kraj,4,12,240
587061,Dolní Vilímeč,Kraj Vysočina,2,17,96
587079,Doupě,Kraj Vysočina,4,17,103
587087,Dudín,Kraj Vysočina,3,28,195
587095,Dušejov,Kraj Vysočina,5,43,489
587109,Dyjice,Kraj Vysočina,2,12,136
587117,Čížov,Kraj Vysočina,16,64,315
587125,Hladov,Kraj Vysočina,8,37,175
587141,Hodice,Kraj Vysočina,13,66,704
587150,Hojkov,Kraj Vysočina,2,15,157
587168,Horní Dubenky,Kraj Vysočina,48,330,561
587176,Rančířov,Kraj Vysočina,4,29,540
587184,Borovná,Kraj Vysočina,1,3,82
587192,Hostětice,Kraj Vysočina,5,18,142
587206,Horní Myslová,Kraj Vysočina,2,5,97
587214,Olší,Kraj Vysočina,1,3,69
587222,Hubenov,Kraj Vysočina,1,8,146
587249,Jamné,Kraj Vysočina,15,51,576
587265,Jersín,Kraj Vysočina,6,22,183
587273,Jezdovice,Kraj Vysočina,5,35,254
587281,Ježená,Kraj Vysočina,2,20,124
587290,Jihlávka,Kraj Vysočina,17,95,201
587303,Jindřichovice,Kraj Vysočina,4,31,91
587320,Kalhov,Kraj Vysočina,1,9,120
587338,Kaliště,Kraj Vysočina,5,24,158
587346,Kamenice,Kraj Vysočina,37,177,1986
587354,Karolín,Zlínský kraj,2,10,257
587362,Kamenná,Kraj Vysočina,2,9,184
587371,Klatovec,Kraj Vysočina,4,16,75
587389,Knínice,Kraj Vysočina,8,25,193
587397,Prasklice,Zlínský kraj,12,43,251
587401,Kostelec,Kraj Vysočina,56,328,915
587419,Kostelní Myslová,Kraj Vysočina,5,22,74
587427,Kozlov,Kraj Vysočina,2,23,472
587435,Krahulčí,Kraj Vysočina,9,62,634
587443,Krasonice,Kraj Vysočina,5,15,207
587451,Lhotka,Kraj Vysočina,2,8,101
587460,Stropešín,Kraj Vysočina,5,40,127
587478,Luka nad Jihlavou,Kraj Vysočina,68,420,3128
587486,Malý Beranov,Kraj Vysočina,21,102,619
587494,Markvartice,Kraj Vysočina,5,34,200
587508,Měšín,Kraj Vysočina,6,20,272
587516,Meziříčko,Kraj Vysočina,2,11,176
587524,Milíčov,Kraj Vysočina,3,11,147
587532,Mirošov,Kraj Vysočina,11,61,166
587541,Mrákotín,Kraj Vysočina,33,228,886
587559,Mysletice,Kraj Vysočina,2,2,132
587567,Mysliboř,Kraj Vysočina,4,57,202
587575,Nadějov,Kraj Vysočina,4,7,180
587583,Nevcehle,Kraj Vysočina,6,12,224
587591,Nová Říše,Kraj Vysočina,29,192,882
587605,Lomy,Kraj Vysočina,8,55,129
587613,Olšany,Kraj Vysočina,2,4,85
587621,Opatov,Kraj Vysočina,5,9,205
587630,Ořechov,Kraj Vysočina,1,3,73
587648,Otín,Kraj Vysočina,1,5,90
587656,Panenská Rozsíčka,Kraj Vysočina,1,5,229
587664,Dolní Lažany,Kraj Vysočina,5,18,155
587672,Panské Dubenky,Kraj Vysočina,11,80,135
587681,Pavlov,Kraj Vysočina,3,11,400
587699,Valdíkov,Kraj Vysočina,7,43,120
587702,Plandry,Kraj Vysočina,4,35,189
587711,Polná,Kraj Vysočina,119,582,5246
587729,Nový Šaldorf-Sedlešovice,Jihomoravský kraj,42,206,1792
587737,Rodkov,Kraj Vysočina,2,11,110
587745,Puklice,Kraj Vysočina,29,184,874
587753,Tři Studně,Kraj Vysočina,2,2,155
587761,Radkov,Kraj Vysočina,2,17,234
587770,Milešín,Kraj Vysočina,3,14,74
587788,Rantířov,Kraj Vysočina,3,18,461
587796,Rohozná,Kraj Vysočina,3,17,412
587800,Rozseč,Kraj Vysočina,8,39,160
587818,Růžená,Kraj Vysočina,5,18,337
587826,Rybné,Kraj Vysočina,1,3,128
587834,Řásná,Kraj Vysočina,6,20,262
587842,Křídla,Kraj Vysočina,4,25,376
587851,Řídelov,Kraj Vysočina,1,1,83
587869,Vlachovice,Kraj Vysočina,2,2,134
587885,Sedlejov,Kraj Vysočina,8,47,309
587893,Velké Tresné,Kraj Vysočina,0,0,102
587907,Katov,Jihomoravský kraj,5,27,278
587915,Stáj,Kraj Vysočina,1,1,189
587923,Stará Říše,Kraj Vysočina,12,94,623
587931,Stonařov,Kraj Vysočina,37,218,1118
587940,Strachoňovice,Kraj Vysočina,2,8,93
587958,Střítež,Kraj Vysočina,16,79,472
587974,Nové Dvory,Kraj Vysočina,5,12,322
587982,Suchá,Kraj Vysočina,9,69,250
587991,Svojkovice,Kraj Vysočina,3,26,47
588008,Šimanov,Kraj Vysočina,2,5,230
588016,Cikháj,Kraj Vysočina,1,4,104
588024,Telč,Kraj Vysočina,169,922,5235
588032,Třešť,Kraj Vysočina,229,1244,5755
588041,Třeštice,Kraj Vysočina,1,9,163
588059,Račín,Kraj Vysočina,1,1,138
588067,Urbanov,Kraj Vysočina,3,19,123
588075,Ústí,Kraj Vysočina,2,9,234
588091,Vanůvek,Kraj Vysočina,4,12,37
588105,Vápovice,Kraj Vysočina,2,6,34
588113,Velký Beranov,Kraj Vysočina,23,154,1306
588121,Větrný Jeníkov,Kraj Vysočina,29,113,634
588130,Věžnice,Kraj Vysočina,2,11,154
588148,Věžnička,Kraj Vysočina,1,3,144
588156,Vílanec,Kraj Vysočina,8,25,315
588164,Volevčice,Kraj Vysočina,3,17,70
588172,Vyskytná nad Jihlavou,Kraj Vysočina,27,156,950
588181,Vysoké Studnice,Kraj Vysočina,7,20,421
588199,Vystrčenovice,Kraj Vysočina,3,18,122
588202,Záborná,Kraj Vysočina,8,46,256
588211,Zbilidy,Kraj Vysočina,2,13,219
588237,Sazomín,Kraj Vysočina,5,12,275
588253,Zhoř,Kraj Vysočina,4,16,475
588261,Zvolenovice,Kraj Vysočina,1,7,82
588270,Žatec,Kraj Vysočina,1,1,110
588288,Ždírec,Kraj Vysočina,7,34,451
588296,Kroměříž,Zlínský kraj,1470,7471,28165
588300,Bařice-Velké Těšany,Zlínský kraj,7,45,454
588318,Bělov,Zlínský kraj,3,7,314
588326,Bezměrov,Zlínský kraj,21,146,536
588334,Vysoké,Kraj Vysočina,0,0,194
588342,Vícenice,Kraj Vysočina,7,21,192
588377,Brusné,Zlínský kraj,11,43,379
588385,Břest,Zlínský kraj,29,85,968
588393,Bystřice pod Hostýnem,Zlínský kraj,348,1967,8031
588407,Cetechovice,Zlínský kraj,7,38,192
588431,Dřínov,Zlínský kraj,28,120,425
588458,Holešov,Zlínský kraj,546,2746,11562
588474,Horní Lapač,Zlínský kraj,3,20,269
588482,Hoštice,Zlínský kraj,10,37,159
588491,Hulín,Zlínský kraj,334,1565,6533
588504,Chomýž,Zlínský kraj,9,44,372
588512,Chropyně,Zlínský kraj,295,1307,4696
588521,Kostelany,Zlínský kraj,23,109,637
588547,Chvalnov-Lísky,Zlínský kraj,13,78,237
588555,Jankovice,Zlínský kraj,9,55,413
588563,Jarohněvice,Zlínský kraj,3,14,310
588598,Komárno,Zlínský kraj,9,54,276
588601,Koryčany,Zlínský kraj,160,851,2734
588610,Kostelec u Holešova,Zlínský kraj,34,151,997
588628,Kunkovice,Zlínský kraj,6,18,77
588636,Kurovice,Zlínský kraj,9,48,260
588644,Kvasice,Zlínský kraj,70,363,2202
588652,Kyselovice,Zlínský kraj,30,214,488
588661,Lechotice,Zlínský kraj,7,18,445
588695,Litenčice,Zlínský kraj,30,147,484
588709,Loukov,Zlínský kraj,35,163,937
588717,Lubná,Zlínský kraj,13,49,467
588725,Ludslavice,Zlínský kraj,13,55,504
588733,Lutopecny,Zlínský kraj,13,63,606
588741,Martinice,Zlínský kraj,17,71,848
588750,Míškovice,Zlínský kraj,11,82,704
588768,Morkovice-Slížany,Zlínský kraj,155,834,2944
588784,Němčice,Zlínský kraj,16,90,369
588806,Nítkovice,Zlínský kraj,13,108,233
588814,Nová Dědina,Zlínský kraj,8,10,439
588822,Osíčko,Zlínský kraj,9,47,450
588849,Pačlavice,Zlínský kraj,48,259,866
588865,Počenice-Tetětice,Zlínský kraj,33,184,708
588873,Podhradní Lhota,Zlínský kraj,13,65,459
588890,Pravčice,Zlínský kraj,16,55,699
588903,Prusinovice,Zlínský kraj,25,119,1196
588920,Rajnochovice,Zlínský kraj,21,71,551
588938,Rataje,Zlínský kraj,38,176,1157
588946,Roštění,Zlínský kraj,13,82,673
588954,Roštín,Zlínský kraj,27,134,700
588962,Rusava,Zlínský kraj,18,68,567
588971,Rymice,Zlínský kraj,17,71,608
588989,Skaštice,Zlínský kraj,14,107,365
588997,Slavkov pod Hostýnem,Zlínský kraj,17,87,660
589004,Soběsuky,Zlínský kraj,21,91,391
589039,Střílky,Zlínský kraj,33,147,628
589047,Střížovice,Zlínský kraj,8,55,249
589055,Sulimov,Zlínský kraj,2,4,150
589080,Troubky-Zdislavice,Zlínský kraj,36,164,418
589098,Třebětice,Zlínský kraj,8,51,280
589110,Uhřice,Zlínský kraj,15,90,179
589128,Věžky,Zlínský kraj,13,39,435
589136,Vítonice,Zlínský kraj,13,82,401
589152,Zahnašovice,Zlínský kraj,8,46,319
589161,Záříčí,Zlínský kraj,34,127,737
589187,Zborovice,Zlínský kraj,80,395,1458
589195,Zdounky,Zlínský kraj,94,453,2077
589217,Zlobice,Zlínský kraj,33,182,602
589225,Žalkovice,Zlínský kraj,8,23,573
589233,Žeranovice,Zlínský kraj,22,120,811
589250,Prostějov,Olomoucký kraj,2490,13404,43649
589268,Bedihošť,Olomoucký kraj,55,236,1119
589276,Bílovice-Lutotín,Olomoucký kraj,10,89,509
589284,Biskupice,Olomoucký kraj,25,129,310
589292,Bohuslavice,Olomoucký kraj,24,151,436
589306,Bousín,Olomoucký kraj,2,6,142
589314,Brodek u Konice,Olomoucký kraj,26,126,805
589322,Brodek u Prostějova,Olomoucký kraj,92,502,1484
589331,Březsko,Olomoucký kraj,8,43,208
589349,Budětsko,Olomoucký kraj,13,32,417
589357,Buková,Olomoucký kraj,9,42,303
589365,Čehovice,Olomoucký kraj,20,89,533
589381,Čechy pod Kosířem,Olomoucký kraj,40,172,1068
589390,Čelčice,Olomoucký kraj,20,79,512
589403,Čelechovice na Hané,Olomoucký kraj,90,506,1319
589420,Dětkovice,Olomoucký kraj,20,131,539
589438,Dobrochov,Olomoucký kraj,12,43,357
589446,Dobromilice,Olomoucký kraj,108,658,810
589454,Doloplazy,Olomoucký kraj,48,191,518
589462,Drahany,Olomoucký kraj,26,125,518
589489,Dřevnovice,Olomoucký kraj,26,101,472
589497,Dzbel,Olomoucký kraj,4,14,237
589501,Hluchov,Olomoucký kraj,17,113,340
589519,Horní Štěpánov,Olomoucký kraj,37,201,884
589527,Hradčany-Kobeřice,Olomoucký kraj,40,193,391
589535,Hrdibořice,Olomoucký kraj,7,37,215
589543,Hrubčice,Olomoucký kraj,31,197,852
589560,Hvozd,Olomoucký kraj,25,134,650
589578,Ivaň,Olomoucký kraj,31,138,462
589586,Jesenec,Olomoucký kraj,10,29,302
589594,Kladky,Olomoucký kraj,16,96,341
589608,Klenovice na Hané,Olomoucký kraj,55,272,850
589616,Klopotovice,Olomoucký kraj,11,60,278
589624,Konice,Olomoucký kraj,122,615,2650
589632,Kostelec na Hané,Olomoucký kraj,102,508,2847
589641,Koválovice-Osíčany,Olomoucký kraj,10,29,263
589659,Kralice na Hané,Olomoucký kraj,56,221,1696
589667,Krumsín,Olomoucký kraj,25,143,581
589675,Laškov,Olomoucký kraj,12,74,568
589683,Lešany,Olomoucký kraj,16,83,383
589691,Lipová,Olomoucký kraj,22,92,733
589705,Ludmírov,Olomoucký kraj,24,151,519
589713,Malé Hradisko,Olomoucký kraj,9,43,391
589721,Mořice,Olomoucký kraj,30,107,527
589730,Mostkovice,Olomoucký kraj,50,306,1620
589748,Myslejovice,Olomoucký kraj,10,40,652
589756,Němčice nad Hanou,Olomoucký kraj,97,548,1926
589764,Nezamyslice,Olomoucký kraj,65,428,1494
589772,Niva,Olomoucký kraj,16,112,320
589799,Obědkovice,Olomoucký kraj,27,178,267
589802,Ohrozim,Olomoucký kraj,6,51,459
589811,Ochoz,Olomoucký kraj,6,50,192
589829,Olšany u Prostějova,Olomoucký kraj,35,219,1854
589837,Ondratice,Olomoucký kraj,17,89,330
589845,Otaslavice,Olomoucký kraj,61,309,1304
589853,Otinoves,Olomoucký kraj,14,73,283
589870,Pěnčín,Olomoucký kraj,42,257,765
589888,Pivín,Olomoucký kraj,16,92,744
589896,Plumlov,Olomoucký kraj,78,324,2276
589918,Prostějovičky,Olomoucký kraj,9,23,317
589926,Protivanov,Olomoucký kraj,16,66,1075
589934,Přemyslovice,Olomoucký kraj,60,276,1226
589942,Ptení,Olomoucký kraj,34,169,1094
589951,Raková u Konice,Olomoucký kraj,10,64,204
589969,Rakůvka,Olomoucký kraj,2,3,106
589977,Rozstání,Olomoucký kraj,16,85,609
589993,Skalka,Olomoucký kraj,8,38,275
590002,Skřípov,Olomoucký kraj,22,109,332
590011,Slatinky,Olomoucký kraj,10,35,598
590029,Smržice,Olomoucký kraj,43,196,1638
590045,Srbce,Olomoucký kraj,3,9,78
590053,Stařechovice,Olomoucký kraj,17,113,541
590061,Stínava,Olomoucký kraj,4,16,161
590070,Stražisko,Olomoucký kraj,22,133,435
590088,Suchdol,Olomoucký kraj,19,92,575
590096,Šubířov,Olomoucký kraj,25,139,273
590100,Tištín,Olomoucký kraj,39,175,466
590118,Tvorovice,Olomoucký kraj,18,102,273
590126,Určice,Olomoucký kraj,42,233,1387
590134,Víceměřice,Olomoucký kraj,29,132,581
590142,Vícov,Olomoucký kraj,13,53,561
590151,Vitčice,Olomoucký kraj,10,56,178
590177,Vranovice-Kelčice,Olomoucký kraj,28,124,608
590185,Vrbátky,Olomoucký kraj,67,493,1760
590193,Vrchoslavice,Olomoucký kraj,34,208,608
590207,Vřesovice,Olomoucký kraj,25,186,585
590215,Výšovice,Olomoucký kraj,18,104,582
590223,Zdětín,Olomoucký kraj,10,66,382
590240,Želeč,Olomoucký kraj,15,98,578
590266,Třebíč,Kraj Vysočina,1449,8082,34853
590274,Babice,Kraj Vysočina,2,29,210
590282,Bačice,Kraj Vysočina,10,40,200
590312,Biskupice-Pulkov,Kraj Vysočina,14,40,254
590321,Blatnice,Kraj Vysočina,11,46,356
590347,Bochovice,Kraj Vysočina,1,1,148
590363,Bransouze,Kraj Vysočina,2,3,213
590371,Brtnička,Kraj Vysočina,3,15,92
590380,Březník,Kraj Vysočina,15,81,694
590401,Budišov,Kraj Vysočina,17,77,1210
590410,Budkov,Kraj Vysočina,10,79,352
590436,Čáslavice,Kraj Vysočina,10,54,564
590444,Čechočovice,Kraj Vysočina,9,57,338
590452,Čechtín,Kraj Vysočina,2,8,315
590461,Červená Lhota,Kraj Vysočina,0,0,184
590487,Číchov,Kraj Vysočina,3,12,227
590495,Čikov,Kraj Vysočina,2,9,199
590509,Číměř,Kraj Vysočina,3,27,229
590517,Dalešice,Kraj Vysočina,26,149,560
590525,Dědice,Kraj Vysočina,2,7,133
590533,Dešov,Kraj Vysočina,26,191,465
590550,Dolní Vilémovice,Kraj Vysočina,5,31,432
590568,Domamil,Kraj Vysočina,9,40,319
590576,Dukovany,Kraj Vysočina,32,172,883
590584,Hartvíkovice,Kraj Vysočina,13,94,576
590592,Heraltice,Kraj Vysočina,10,41,375
590614,Hluboké,Kraj Vysočina,6,28,214
590622,Hodov,Kraj Vysočina,6,37,310
590657,Horní Vilémovice,Kraj Vysočina,1,4,78
590673,Hrotovice,Kraj Vysočina,71,373,1759
590703,Chlístov,Kraj Vysočina,1,1,302
590711,Chlum,Kraj Vysočina,3,6,145
590746,Jakubov u Moravských Budějovic,Kraj Vysočina,21,122,680
590754,Jaroměřice nad Rokytnou,Kraj Vysočina,244,1554,4089
590762,Jasenice,Kraj Vysočina,1,5,183
590789,Jemnice,Kraj Vysočina,171,1015,3996
590797,Jinošov,Kraj Vysočina,2,16,276
590801,Kamenná,Kraj Vysočina,2,14,224
590819,Kdousov,Kraj Vysočina,1,1,118
590827,Kladeruby nad Oslavou,Kraj Vysočina,3,3,192
590835,Klučov,Kraj Vysočina,1,3,173
590843,Kněžice,Kraj Vysočina,25,163,1401
590851,Kojatice,Kraj Vysočina,36,189,262
590860,Kojetice,Kraj Vysočina,13,84,465
590878,Komárovice,Kraj Vysočina,5,24,118
590886,Koněšín,Kraj Vysočina,5,36,505
590894,Kostníky,Kraj Vysočina,4,38,193
590908,Kouty,Kraj Vysočina,1,19,397
590916,Kozlany,Kraj Vysočina,1,11,138
590941,Kralice nad Oslavou,Kraj Vysočina,15,79,994
590959,Kramolín,Kraj Vysočina,5,29,135
590967,Krhov,Kraj Vysočina,3,5,171
590975,Krokočín,Kraj Vysočina,6,38,210
590991,Lesní Jakubov,Kraj Vysočina,3,4,111
591009,Lesonice,Kraj Vysočina,24,126,500
591025,Lhánice,Kraj Vysočina,1,2,166
591041,Lipník,Kraj Vysočina,2,15,424
591068,Litovany,Kraj Vysočina,4,17,126
591092,Loukovice,Kraj Vysočina,4,14,129
591114,Markvartice,Kraj Vysočina,4,10,286
591122,Mastník,Kraj Vysočina,13,78,213
591149,Meziříčko,Kraj Vysočina,3,38,81
591157,Mikulovice,Kraj Vysočina,6,12,215
591165,Mladoňovice,Kraj Vysočina,9,70,392
591173,Mohelno,Kraj Vysočina,28,161,1395
591181,Moravské Budějovice,Kraj Vysočina,301,1900,7172
591190,Myslibořice,Kraj Vysočina,15,64,694
591211,Náměšť nad Oslavou,Kraj Vysočina,161,902,4824
591220,Nárameč,Kraj Vysočina,8,64,354
591238,Nimpšov,Kraj Vysočina,3,8,54
591246,Nová Ves,Kraj Vysočina,8,33,256
591254,Nové Syrovice,Kraj Vysočina,73,387,921
591262,Nový Telečkov,Kraj Vysočina,1,3,99
591289,Odunec,Kraj Vysočina,2,2,95
591297,Okarec,Kraj Vysočina,2,7,105
591301,Okříšky,Kraj Vysočina,35,170,2024
591319,Opatov,Kraj Vysočina,34,185,764
591327,Oponešice,Kraj Vysočina,4,26,174
591360,Petrovice,Kraj Vysočina,11,53,412
591394,Police,Kraj Vysočina,4,44,325
591408,Popůvky,Kraj Vysočina,3,20,70
591416,Pozďatín,Kraj Vysočina,1,1,158
591424,Přeckov,Kraj Vysočina,1,1,72
591432,Předín,Kraj Vysočina,20,121,687
591441,Přešovice,Kraj Vysočina,9,60,126
591459,Přibyslavice,Kraj Vysočina,20,81,796
591491,Pucov,Kraj Vysočina,6,30,165
591505,Pyšel,Kraj Vysočina,6,26,478
591521,Račice,Kraj Vysočina,3,24,89
591548,Radkovice u Hrotovic,Kraj Vysočina,9,38,357
591556,Radonín,Kraj Vysočina,5,58,86
591581,Rapotice,Kraj Vysočina,15,89,546
591602,Rohy,Kraj Vysočina,1,1,114
591611,Rokytnice nad Rokytnou,Kraj Vysočina,22,131,829
591629,Rouchovany,Kraj Vysočina,32,169,1191
591637,Rudíkov,Kraj Vysočina,8,54,754
591645,Římov,Kraj Vysočina,11,48,431
591661,Senorady,Jihomoravský kraj,14,62,380
591688,Slavětice,Kraj Vysočina,2,8,229
591700,Slavičky,Kraj Vysočina,5,37,295
591726,Smrk,Kraj Vysočina,11,41,282
591742,Stařeč,Kraj Vysočina,41,182,1668
591769,Studenec,Kraj Vysočina,8,33,622
591777,Studnice,Kraj Vysočina,1,5,125
591785,Sudice,Kraj Vysočina,10,58,344
591793,Svatoslav,Kraj Vysočina,6,31,265
591807,Šebkovice,Kraj Vysočina,16,74,492
591831,Tasov,Kraj Vysočina,15,83,679
591840,Trnava,Kraj Vysočina,23,98,755
591858,Třebelovice,Kraj Vysočina,9,89,437
591866,Třebenice,Kraj Vysočina,9,46,443
591874,Valeč,Kraj Vysočina,16,97,852
591904,Vladislav,Kraj Vysočina,36,298,1200
591939,Výčapy,Kraj Vysočina,19,106,869
591955,Zárubice,Kraj Vysočina,1,4,121
591963,Zašovice,Kraj Vysočina,4,22,138
591980,Zvěrkovice,Kraj Vysočina,15,62,218
591998,Želetava,Kraj Vysočina,52,247,1498
592005,Uherské Hradiště,Zlínský kraj,974,4965,24897
592013,Babice,Zlínský kraj,45,235,1863
592021,Bánov,Zlínský kraj,58,382,2189
592030,Bílovice,Zlínský kraj,61,320,1934
592048,Bojkovice,Zlínský kraj,207,963,4392
592056,Boršice u Blatnice,Zlínský kraj,18,59,810
592064,Boršice,Zlínský kraj,53,327,2190
592072,Břestek,Zlínský kraj,22,122,853
592081,Březolupy,Zlínský kraj,55,287,1727
592099,Březová,Zlínský kraj,36,180,978
592102,Buchlovice,Zlínský kraj,47,187,2440
592111,Bystřice pod Lopeníkem,Zlínský kraj,28,146,851
592137,Částkov,Zlínský kraj,2,3,382
592145,Dolní Němčí,Zlínský kraj,55,214,2860
592153,Drslavice,Zlínský kraj,6,17,503
592170,Hluk,Zlínský kraj,138,712,4299
592188,Horní Němčí,Zlínský kraj,11,59,818
592200,Hradčovice,Zlínský kraj,24,117,978
592218,Huštěnovice,Zlínský kraj,41,193,1015
592226,Jalubí,Zlínský kraj,60,284,1808
592234,Jankovice,Zlínský kraj,21,120,461
592251,Kelníky,Zlínský kraj,6,40,162
592269,Kněžpole,Zlínský kraj,28,145,1062
592277,Komňa,Zlínský kraj,15,64,542
592285,Korytná,Zlínský kraj,24,117,913
592293,Kostelany nad Moravou,Zlínský kraj,29,131,896
592307,Košíky,Zlínský kraj,16,60,423
592323,Kudlovice,Zlínský kraj,20,88,986
592340,Lopeník,Zlínský kraj,9,53,233
592366,Medlovice,Zlínský kraj,15,83,464
592382,Mistřice,Zlínský kraj,41,229,1195
592391,Modrá,Zlínský kraj,12,64,718
592404,Nedachlebice,Zlínský kraj,20,82,799
592412,Nedakonice,Zlínský kraj,53,288,1631
592421,Nezdenice,Zlínský kraj,31,210,719
592439,Nivnice,Zlínský kraj,54,237,3393
592447,Ořechov,Zlínský kraj,35,175,772
592455,Ostrožská Lhota,Zlínský kraj,34,176,1474
592463,Ostrožská Nová Ves,Zlínský kraj,119,500,3415
592471,Osvětimany,Zlínský kraj,29,208,885
592480,Pašovice,Zlínský kraj,17,75,700
592498,Pitín,Zlínský kraj,27,117,924
592501,Podolí,Zlínský kraj,32,179,899
592510,Polešovice,Zlínský kraj,50,306,2011
592528,Popovice,Zlínský kraj,31,96,1018
592536,Prakšice,Zlínský kraj,17,105,1019
592552,Rudice,Zlínský kraj,17,93,484
592561,Salaš,Zlínský kraj,21,92,415
592579,Slavkov,Zlínský kraj,20,104,684
592587,Staré Hutě,Zlínský kraj,6,35,126
592609,Starý Hrozenkov,Zlínský kraj,26,121,793
592617,Strání,Zlínský kraj,116,644,3362
592625,Stříbrnice,Zlínský kraj,19,103,430
592633,Stupava,Zlínský kraj,6,20,164
592641,Suchá Loz,Zlínský kraj,23,107,1152
592650,Sušice,Zlínský kraj,8,37,669
592668,Svárov,Zlínský kraj,4,34,220
592676,Šumice,Zlínský kraj,38,172,1635
592692,Topolná,Zlínský kraj,47,228,1598
592706,Traplice,Zlínský kraj,30,103,1166
592714,Tučapy,Zlínský kraj,6,31,258
592722,Tupesy,Zlínský kraj,36,177,1125
592731,Uherský Brod,Zlínský kraj,642,3482,16475
592749,Uherský Ostroh,Zlínský kraj,143,722,4249
592757,Újezdec,Zlínský kraj,17,114,254
592773,Vápenice,Zlínský kraj,14,75,194
592781,Vážany,Zlínský kraj,20,109,425
592790,Velehrad,Zlínský kraj,19,76,1110
592803,Veletiny,Zlínský kraj,11,41,519
592820,Vlčnov,Zlínský kraj,71,408,2968
592838,Vyškovec,Zlínský kraj,7,29,193
592846,Záhorovice,Zlínský kraj,24,147,1017
592854,Zlámanec,Zlínský kraj,14,42,333
592862,Zlechov,Zlínský kraj,37,192,1624
592871,Žítková,Zlínský kraj,9,40,180
592889,Vyškov,Jihomoravský kraj,911,4747,20484
592897,Bohaté Málkovice,Jihomoravský kraj,17,85,243
592901,Bohdalice-Pavlovice,Jihomoravský kraj,46,318,949
592919,Bošovice,Jihomoravský kraj,21,90,1258
592927,Brankovice,Jihomoravský kraj,31,175,894
592943,Bučovice,Jihomoravský kraj,351,2030,6849
592978,Dětkovice,Jihomoravský kraj,17,73,276
592986,Dobročkovice,Jihomoravský kraj,17,131,234
592994,Dražovice,Jihomoravský kraj,26,135,939
593001,Drnovice,Jihomoravský kraj,43,225,2373
593010,Drysice,Jihomoravský kraj,41,214,622
593028,Habrovany,Jihomoravský kraj,27,105,917
593036,Hlubočany,Jihomoravský kraj,8,38,541
593044,Hodějice,Jihomoravský kraj,21,117,1098
593052,Hostěrádky-Rešov,Jihomoravský kraj,22,130,841
593061,Hoštice-Heroltice,Jihomoravský kraj,28,198,631
593079,Hrušky,Jihomoravský kraj,19,98,744
593087,Hvězdlice,Jihomoravský kraj,33,205,585
593095,Chvalkovice,Jihomoravský kraj,22,117,279
593117,Ivanovice na Hané,Jihomoravský kraj,186,920,2991
593125,Ježkovice,Jihomoravský kraj,7,40,384
593141,Kobeřice u Brna,Jihomoravský kraj,16,96,732
593150,Kojátky,Jihomoravský kraj,29,135,375
593168,Komořany,Jihomoravský kraj,19,99,759
593184,Kožušice,Jihomoravský kraj,9,26,108
593192,Krásensko,Jihomoravský kraj,6,44,420
593214,Křenovice,Jihomoravský kraj,42,221,2055
593222,Křižanovice,Jihomoravský kraj,26,163,863
593231,Křižanovice u Vyškova,Jihomoravský kraj,5,13,144
593249,Kučerov,Jihomoravský kraj,28,139,496
593257,Letonice,Jihomoravský kraj,56,300,1381
593265,Lovčičky,Jihomoravský kraj,12,73,737
593273,Luleč,Jihomoravský kraj,25,128,995
593281,Lysovice,Jihomoravský kraj,14,50,296
593290,Malínky,Jihomoravský kraj,6,54,144
593320,Milešovice,Jihomoravský kraj,27,174,689
593338,Milonice,Jihomoravský kraj,7,36,355
593346,Moravské Málkovice,Jihomoravský kraj,26,163,591
593354,Mouchnice,Jihomoravský kraj,22,141,314
593371,Němčany,Jihomoravský kraj,16,86,819
593389,Nemochovice,Jihomoravský kraj,16,103,345
593397,Nemojany,Jihomoravský kraj,25,126,832
593401,Nemotice,Jihomoravský kraj,54,342,433
593419,Nesovice,Jihomoravský kraj,47,254,1096
593427,Nevojice,Jihomoravský kraj,8,37,415
593435,Nížkovice,Jihomoravský kraj,24,145,774
593443,Nové Sady,Jihomoravský kraj,2,9,102
593460,Orlovice,Jihomoravský kraj,14,60,292
593478,Otnice,Jihomoravský kraj,61,279,1584
593486,Podivice,Jihomoravský kraj,5,43,173
593494,Prusy-Boškůvky,Jihomoravský kraj,30,171,674
593508,Pustiměř,Jihomoravský kraj,44,213,1952
593516,Račice-Pístovice,Jihomoravský kraj,33,154,1302
593524,Radslavice,Jihomoravský kraj,12,48,446
593532,Rašovice,Jihomoravský kraj,24,171,701
593559,Rousínov,Jihomoravský kraj,220,1028,5962
593567,Ruprechtov,Jihomoravský kraj,28,125,622
593583,Slavkov u Brna,Jihomoravský kraj,231,1227,7152
593591,Snovídky,Jihomoravský kraj,19,80,337
593605,Studnice,Jihomoravský kraj,17,91,510
593613,Šaratice,Jihomoravský kraj,26,95,1066
593621,Švábenice,Jihomoravský kraj,21,121,1036
593630,Topolany,Jihomoravský kraj,7,51,374
593648,Tučapy,Jihomoravský kraj,21,101,608
593656,Vážany,Jihomoravský kraj,9,27,442
593664,Vážany nad Litavou,Jihomoravský kraj,18,85,765
593681,Velešovice,Jihomoravský kraj,57,302,1267
593699,Zbýšov,Jihomoravský kraj,13,74,727
593702,Zelená Hora,Jihomoravský kraj,7,27,320
593711,Znojmo,Jihomoravský kraj,2343,14577,34270
593729,Bantice,Jihomoravský kraj,8,33,294
593737,Běhařovice,Jihomoravský kraj,14,69,376
593745,Bezkov,Jihomoravský kraj,6,14,217
593753,Bítov,Jihomoravský kraj,8,73,137
593761,Blanné,Jihomoravský kraj,3,31,84
593770,Blížkovice,Jihomoravský kraj,40,216,1210
593788,Bohutice,Jihomoravský kraj,42,254,677
593796,Bojanovice,Jihomoravský kraj,13,99,181
593800,Borotice,Jihomoravský kraj,28,159,424
593818,Boskovštejn,Jihomoravský kraj,5,34,198
593826,Božice,Jihomoravský kraj,120,635,1599
593834,Branišovice,Jihomoravský kraj,20,107,624
593842,Břežany,Jihomoravský kraj,38,182,810
593851,Citonice,Jihomoravský kraj,7,30,619
593869,Ctidružice,Jihomoravský kraj,13,58,278
593877,Čejkovice,Jihomoravský kraj,10,30,241
593893,Černín,Jihomoravský kraj,6,33,151
593907,Damnice,Jihomoravský kraj,27,158,377
593923,Dobelice,Jihomoravský kraj,8,39,268
593931,Dobřínsko,Jihomoravský kraj,17,89,407
593958,Dolenice,Jihomoravský kraj,6,31,136
593966,Dolní Dubňany,Jihomoravský kraj,10,39,473
593974,Dyjákovice,Jihomoravský kraj,62,331,925
593982,Dyjákovičky,Jihomoravský kraj,25,126,589
593991,Dyje,Jihomoravský kraj,12,45,491
594016,Grešlové Mýto,Jihomoravský kraj,16,69,214
594024,Havraníky,Jihomoravský kraj,7,20,311
594032,Hevlín,Jihomoravský kraj,88,392,1421
594041,Hluboké Mašůvky,Jihomoravský kraj,23,130,843
594059,Hnanice,Jihomoravský kraj,18,82,366
594067,Hodonice,Jihomoravský kraj,90,477,1768
594075,Horní Břečkov,Jihomoravský kraj,7,32,268
594083,Horní Dubňany,Jihomoravský kraj,7,56,282
594091,Horní Dunajovice,Jihomoravský kraj,23,128,626
594105,Horní Kounice,Jihomoravský kraj,11,79,297
594113,Hostěradice,Jihomoravský kraj,66,326,1656
594121,Hostim,Jihomoravský kraj,19,69,397
594130,Hrabětice,Jihomoravský kraj,64,411,880
594148,Hrádek,Jihomoravský kraj,50,258,928
594156,Hrušovany nad Jevišovkou,Jihomoravský kraj,171,1047,3406
594164,Chvalatice,Jihomoravský kraj,3,28,107
594172,Chvalovice,Jihomoravský kraj,30,149,687
594181,Jamolice,Jihomoravský kraj,11,40,454
594199,Jaroslavice,Jihomoravský kraj,114,633,1268
594202,Jevišovice,Jihomoravský kraj,56,350,1131
594211,Jezeřany-Maršovice,Jihomoravský kraj,28,139,783
594229,Jiřice u Miroslavi,Jihomoravský kraj,22,88,467
594237,Kadov,Jihomoravský kraj,9,15,144
594253,Korolupy,Jihomoravský kraj,8,45,152
594261,Kravsko,Jihomoravský kraj,20,65,581
594270,Krhovice,Jihomoravský kraj,12,102,615
594288,Křepice,Jihomoravský kraj,3,9,108
594296,Kubšice,Jihomoravský kraj,7,49,172
594300,Kuchařovice,Jihomoravský kraj,21,88,900
594318,Kyjovice,Jihomoravský kraj,6,35,151
594326,Lančov,Jihomoravský kraj,19,79,212
594334,Lechovice,Jihomoravský kraj,37,235,571
594342,Lesná,Jihomoravský kraj,17,83,252
594351,Lesonice,Jihomoravský kraj,6,34,255
594369,Litobratřice,Jihomoravský kraj,48,258,501
594377,Loděnice,Jihomoravský kraj,13,72,562
594385,Lubnice,Jihomoravský kraj,2,4,58
594393,Lukov,Jihomoravský kraj,9,42,263
594407,Mackovice,Jihomoravský kraj,26,99,391
594415,Mašovice,Jihomoravský kraj,10,90,530
594423,Medlice,Jihomoravský kraj,7,33,166
594431,Mikulovice,Jihomoravský kraj,34,203,650
594440,Milíčovice,Jihomoravský kraj,2,8,198
594458,Miroslav,Jihomoravský kraj,128,659,3085
594466,Miroslavské Knínice,Jihomoravský kraj,13,74,354
594474,Morašice,Jihomoravský kraj,14,78,221
594482,Moravský Krumlov,Jihomoravský kraj,218,1192,5706
594512,Našiměřice,Jihomoravský kraj,21,71,206
594521,Němčičky,Jihomoravský kraj,7,32,83
594555,Olbramkostel,Jihomoravský kraj,31,200,535
594563,Olbramovice,Jihomoravský kraj,39,211,1162
594571,Oleksovice,Jihomoravský kraj,38,212,673
594580,Onšov,Jihomoravský kraj,3,9,76
594598,Oslnovice,Jihomoravský kraj,2,5,66
594601,Pavlice,Jihomoravský kraj,26,156,496
594610,Petrovice,Jihomoravský kraj,11,43,386
594628,Plaveč,Jihomoravský kraj,4,16,468
594636,Podhradí nad Dyjí,Jihomoravský kraj,4,13,57
594644,Podmolí,Jihomoravský kraj,3,5,157
594652,Podmyče,Jihomoravský kraj,5,37,115
594679,Práče,Jihomoravský kraj,39,274,803
594687,Pravice,Jihomoravský kraj,31,165,375
594695,Prokopov,Jihomoravský kraj,6,60,95
594709,Prosiměřice,Jihomoravský kraj,25,134,879
594725,Rešice,Jihomoravský kraj,15,83,333
594733,Rozkoš,Jihomoravský kraj,18,62,173
594741,Rudlice,Jihomoravský kraj,8,30,105
594750,Rybníky,Jihomoravský kraj,14,99,454
594768,Skalice,Jihomoravský kraj,12,46,524
594776,Slatina,Jihomoravský kraj,8,36,234
594784,Slup,Jihomoravský kraj,16,67,533
594792,Stálky,Jihomoravský kraj,25,106,111
594806,Starý Petřín,Jihomoravský kraj,15,50,229
594814,Stošíkovice na Louce,Jihomoravský kraj,13,37,309
594822,Strachotice,Jihomoravský kraj,67,403,1001
594831,Střelice,Jihomoravský kraj,8,68,171
594849,Suchohrdly u Miroslavi,Jihomoravský kraj,26,136,511
594865,Šafov,Jihomoravský kraj,16,59,136
594873,Šanov,Jihomoravský kraj,83,464,1672
594881,Šatov,Jihomoravský kraj,59,282,1178
594890,Štítary,Jihomoravský kraj,34,115,697
594903,Šumice,Jihomoravský kraj,18,114,308
594911,Šumná,Jihomoravský kraj,33,153,627
594920,Tasovice,Jihomoravský kraj,72,471,1426
594938,Tavíkovice,Jihomoravský kraj,13,49,564
594946,Těšetice,Jihomoravský kraj,26,139,612
594954,Trnové Pole,Jihomoravský kraj,4,51,120
594962,Troskotovice,Jihomoravský kraj,47,269,704
594971,Trstěnice,Jihomoravský kraj,15,114,529
594989,Tulešice,Jihomoravský kraj,7,44,198
594997,Tvořihráz,Jihomoravský kraj,29,230,418
595004,Uherčice,Jihomoravský kraj,55,278,377
595012,Újezd,Jihomoravský kraj,7,50,87
595021,Únanov,Jihomoravský kraj,25,128,1304
595039,Valtrovice,Jihomoravský kraj,40,228,413
595047,Vedrovice,Jihomoravský kraj,25,149,896
595055,Vémyslice,Jihomoravský kraj,20,108,694
595071,Višňové,Jihomoravský kraj,36,198,1059
595080,Vítonice,Jihomoravský kraj,6,42,338
595098,Vranov nad Dyjí,Jihomoravský kraj,31,115,871
595101,Vranovská Ves,Jihomoravský kraj,22,128,291
595110,Vratěnín,Jihomoravský kraj,19,87,278
595128,Vrbovec,Jihomoravský kraj,59,266,1270
595136,Výrovice,Jihomoravský kraj,2,9,170
595144,Vysočany,Jihomoravský kraj,6,33,91
595152,Zálesí,Jihomoravský kraj,6,33,159
595161,Zblovice,Jihomoravský kraj,1,6,40
595179,Želetice,Jihomoravský kraj,16,80,304
595187,Žerotice,Jihomoravský kraj,21,84,359
595195,Žerůtky,Jihomoravský kraj,14,57,280
595209,Žďár nad Sázavou,Kraj Vysočina,711,3743,20562
595217,Baliny,Kraj Vysočina,2,7,132
595241,Blažkov,Kraj Vysočina,4,43,276
595268,Bobrová,Kraj Vysočina,24,159,899
595276,Bobrůvka,Kraj Vysočina,3,19,242
595284,Bohdalec,Kraj Vysočina,2,2,272
595292,Bohdalov,Kraj Vysočina,21,132,1183
595306,Bohuňov,Kraj Vysočina,5,33,297
595314,Borač,Jihomoravský kraj,6,21,351
595322,Borovnice,Kraj Vysočina,4,11,177
595331,Borovník,Jihomoravský kraj,2,2,111
595349,Březejc,Kraj Vysočina,3,17,166
595357,Březí,Kraj Vysočina,3,18,183
595365,Březí nad Oslavou,Kraj Vysočina,2,4,289
595381,Březské,Kraj Vysočina,5,37,185
595390,Budeč,Kraj Vysočina,2,24,179
595403,Bukov,Kraj Vysočina,2,3,195
595411,Bystřice nad Pernštejnem,Kraj Vysočina,362,2134,7910
595420,Býšovec,Kraj Vysočina,3,16,179
595438,Černá,Kraj Vysočina,6,28,301
595446,Černvír,Jihomoravský kraj,1,1,150
595454,Dalečín,Kraj Vysočina,7,11,669
595462,Daňkovice,Kraj Vysočina,7,33,168
595471,Dlouhé,Kraj Vysočina,1,6,257
595489,Dobrá Voda,Kraj Vysočina,10,56,386
595501,Dolní Heřmanice,Kraj Vysočina,19,103,573
595519,Dolní Libochová,Kraj Vysočina,2,17,137
595527,Dolní Loučky,Jihomoravský kraj,24,152,1321
595535,Dolní Rožínka,Kraj Vysočina,36,190,586
595551,Doubravník,Jihomoravský kraj,26,149,853
595560,Drahonín,Jihomoravský kraj,3,30,108
595578,Fryšava pod Žákovou horou,Kraj Vysočina,11,28,323
595586,Hamry nad Sázavou,Kraj Vysočina,32,144,1612
595594,Herálec,Kraj Vysočina,23,150,1334
595608,Heřmanov,Kraj Vysočina,3,9,219
595624,Hodíškov,Kraj Vysočina,5,34,153
595641,Bory,Kraj Vysočina,20,140,781
595659,Horní Libochová,Kraj Vysočina,7,33,194
595667,Horní Loučky,Jihomoravský kraj,5,31,311
595675,Horní Radslavice,Kraj Vysočina,1,2,96
595683,Horní Rožínka,Kraj Vysočina,1,7,77
595705,Chlum-Korouhvice,Kraj Vysočina,1,1,38
595713,Chlumek,Kraj Vysočina,1,8,166
595721,Chlumětín,Kraj Vysočina,3,13,222
595730,Jabloňov,Kraj Vysočina,2,4,338
595748,Javorek,Kraj Vysočina,5,40,100
595756,Jámy,Kraj Vysočina,9,49,689
595772,Jimramov,Kraj Vysočina,31,195,1195
595802,Jívoví,Kraj Vysočina,8,38,298
595811,Kadolec,Kraj Vysočina,3,24,162
595829,Kadov,Kraj Vysočina,2,4,162
595837,Kaly,Jihomoravský kraj,5,17,313
595845,Karlov,Kraj Vysočina,3,4,114
595853,Kněževes,Kraj Vysočina,1,5,160
595861,Koroužné,Kraj Vysočina,9,45,253
595870,Kotlasy,Kraj Vysočina,1,1,111
595888,Kozlov,Kraj Vysočina,17,88,190
595896,Krásné,Kraj Vysočina,5,11,121
595900,Krásněves,Kraj Vysočina,5,36,291
595918,Křižánky,Kraj Vysočina,4,22,394
595926,Křižanov,Kraj Vysočina,33,216,1840
595934,Křižínkov,Jihomoravský kraj,8,28,223
595951,Křoví,Kraj Vysočina,11,67,652
595969,Kuklík,Kraj Vysočina,2,22,193
595977,Kundratice,Kraj Vysočina,4,19,175
595985,Kuřimská Nová Ves,Jihomoravský kraj,2,7,142
595993,Kuřimské Jestřabí,Jihomoravský kraj,2,3,178
596019,Lavičky,Kraj Vysočina,4,18,672
596035,Lhotka,Kraj Vysočina,3,15,227
596051,Lísek,Kraj Vysočina,4,17,356
596086,Malá Losenice,Kraj Vysočina,1,2,267
596094,Martinice,Kraj Vysočina,6,29,462
596108,Matějov,Kraj Vysočina,8,47,200
596116,Měřín,Kraj Vysočina,39,196,2025
596132,Mirošov,Kraj Vysočina,7,25,129
596141,Moravec,Kraj Vysočina,14,63,676
596159,Moravecké Pavlovice,Kraj Vysočina,1,2,48
596175,Nedvědice,Jihomoravský kraj,40,253,1302
596183,Netín,Kraj Vysočina,1,8,371
596191,Níhov,Jihomoravský kraj,1,1,249
596205,Nížkov,Kraj Vysočina,10,55,966
596213,Nová Ves,Kraj Vysočina,1,1,158
596230,Nové Město na Moravě,Kraj Vysočina,339,1935,9944
596248,Nové Sady,Kraj Vysočina,3,26,253
596256,Nové Veselí,Kraj Vysočina,15,85,1359
596264,Nový Jimramov,Kraj Vysočina,1,1,60
596272,Nyklovice,Kraj Vysočina,2,2,174
596281,Obyčtov,Kraj Vysočina,14,93,443
596302,Olší,Jihomoravský kraj,7,29,348
596329,Ořechov,Kraj Vysočina,5,45,334
596337,Oslavice,Kraj Vysočina,13,88,735
596345,Osová Bítýška,Kraj Vysočina,14,80,964
596353,Osové,Kraj Vysočina,1,2,95
596361,Ostrov nad Oslavou,Kraj Vysočina,14,77,1011
596370,Otín,Kraj Vysočina,5,25,335
596388,Pavlínov,Kraj Vysočina,5,26,267
596396,Pavlov,Kraj Vysočina,7,27,343
596400,Pernštejnské Jestřabí,Jihomoravský kraj,1,6,205
596418,Petráveč,Kraj Vysočina,1,4,306
596434,Písečné,Kraj Vysočina,2,12,194
596442,Počítky,Kraj Vysočina,5,21,232
596451,Poděšín,Kraj Vysočina,6,37,257
596469,Podolí,Kraj Vysočina,5,45,94
596477,Pokojov,Kraj Vysočina,2,15,143
596485,Polnička,Kraj Vysočina,20,78,808
596493,Prosetín,Kraj Vysočina,3,11,369
596515,Radenice,Kraj Vysočina,3,10,173
596523,Radešín,Kraj Vysočina,2,14,126
596531,Radešínská Svratka,Kraj Vysočina,12,46,625
596540,Radňoves,Kraj Vysočina,2,13,101
596558,Radňovice,Kraj Vysočina,3,11,324
596566,Radostín,Kraj Vysočina,1,1,153
596574,Radostín nad Oslavou,Kraj Vysočina,9,53,935
596582,Rojetín,Jihomoravský kraj,8,49,80
596604,Rousměrov,Kraj Vysočina,4,20,110
596612,Rovečné,Kraj Vysočina,19,106,610
596639,Rozseč,Kraj Vysočina,3,15,90
596647,Rozsochy,Kraj Vysočina,15,98,669
596655,Rožná,Kraj Vysočina,17,88,804
596663,Ruda,Kraj Vysočina,17,85,409
596671,Rudolec,Kraj Vysočina,4,21,230
596680,Řečice,Kraj Vysočina,5,38,465
596698,Řikonín,Jihomoravský kraj,1,4,56
596701,Sázava,Kraj Vysočina,7,35,668
596710,Sejřek,Kraj Vysočina,0,0,170
596728,Sirákov,Kraj Vysočina,2,9,273
596736,Sklené,Kraj Vysočina,1,16,101
596744,Sklené nad Oslavou,Kraj Vysočina,4,14,255
596752,Skorotice,Kraj Vysočina,1,2,125
596761,Skřinářov,Kraj Vysočina,4,12,152
596787,Sněžné,Kraj Vysočina,15,69,751
596809,Strachujov,Kraj Vysočina,1,22,125
596817,Stránecká Zhoř,Kraj Vysočina,12,78,625
596825,Strážek,Kraj Vysočina,17,89,848
596833,Sulkovec,Kraj Vysočina,3,42,154
596841,Světnov,Kraj Vysočina,8,30,459
596868,Svratka,Kraj Vysočina,37,176,1414
596876,Škrdlovice,Kraj Vysočina,19,114,716
596884,Štěpánov nad Svratkou,Kraj Vysočina,18,112,704
596906,Uhřínov,Kraj Vysočina,5,30,378
596914,Ujčov,Kraj Vysočina,6,20,474
596922,Újezd,Kraj Vysočina,5,26,279
596931,Unčín,Kraj Vysočina,3,8,202
596949,Vatín,Kraj Vysočina,1,4,327
596957,Věcov,Kraj Vysočina,6,32,698
596965,Věchnov,Kraj Vysočina,0,0,328
596973,Velká Bíteš,Kraj Vysočina,157,944,5543
596981,Velká Losenice,Kraj Vysočina,15,90,1211
597007,Velké Meziříčí,Kraj Vysočina,324,1673,11599
597015,Vepřová,Kraj Vysočina,4,35,443
597031,Věstín,Kraj Vysočina,3,16,170
597040,Věžná,Kraj Vysočina,3,39,229
597058,Vídeň,Kraj Vysočina,5,30,455
597066,Vidonín,Kraj Vysočina,3,9,179
597074,Vír,Kraj Vysočina,21,123,713
597082,Vlkov,Kraj Vysočina,6,28,280
597091,Vojnův Městec,Kraj Vysočina,18,96,783
597104,Vratislávka,Jihomoravský kraj,2,3,91
597112,Záblatí,Kraj Vysočina,3,11,282
597121,Zadní Zhořec,Kraj Vysočina,2,8,160
597139,Znětínek,Kraj Vysočina,6,29,215
597147,Zubří,Kraj Vysočina,5,8,531
597155,Zvole,Kraj Vysočina,9,52,679
597163,Ždánice,Kraj Vysočina,4,6,235
597171,Žďárec,Jihomoravský kraj,3,37,378
597180,Bruntál,Moravskoslezský kraj,1698,9186,15317
597198,Bílčice,Moravskoslezský kraj,22,127,224
597201,Bohušov,Moravskoslezský kraj,73,415,383
597210,Brantice,Moravskoslezský kraj,51,233,1376
597228,Břidličná,Moravskoslezský kraj,319,1755,2971
597252,Dětřichov nad Bystřicí,Moravskoslezský kraj,27,147,403
597287,Dolní Moravice,Moravskoslezský kraj,27,101,377
597317,Dvorce,Moravskoslezský kraj,150,818,1260
597325,Heřmanovice,Moravskoslezský kraj,20,67,347
597341,Holčovice,Moravskoslezský kraj,69,337,720
597350,Horní Benešov,Moravskoslezský kraj,194,982,2235
597368,Horní Město,Moravskoslezský kraj,65,316,808
597392,Hošťálkovy,Moravskoslezský kraj,47,193,624
597414,Huzová,Olomoucký kraj,63,328,561
597431,Janov,Moravskoslezský kraj,18,116,263
597449,Jindřichov,Moravskoslezský kraj,126,760,1151
597457,Jiříkov,Moravskoslezský kraj,62,464,332
597473,Karlova Studánka,Moravskoslezský kraj,25,130,185
597481,Karlovice,Moravskoslezský kraj,72,348,984
597511,Krasov,Moravskoslezský kraj,28,144,368
597520,Krnov,Moravskoslezský kraj,1778,9150,22795
597538,Křišťanovice,Moravskoslezský kraj,48,249,237
597546,Leskovec nad Moravicí,Moravskoslezský kraj,34,158,438
597554,Lichnov,Moravskoslezský kraj,92,447,1050
597571,Liptaň,Moravskoslezský kraj,37,215,470
597589,Lomnice,Moravskoslezský kraj,35,190,487
597601,Malá Morávka,Moravskoslezský kraj,42,292,668
597635,Město Albrechtice,Moravskoslezský kraj,281,1477,3423
597678,Moravský Beroun,Olomoucký kraj,285,1577,2852
597686,Norberčany,Olomoucký kraj,27,160,244
597716,Osoblaha,Moravskoslezský kraj,258,1539,1030
597724,Razová,Moravskoslezský kraj,67,399,531
597741,Roudno,Moravskoslezský kraj,6,43,205
597775,Rusín,Moravskoslezský kraj,22,101,138
597783,Rýmařov,Moravskoslezský kraj,677,3812,7919
597791,Ryžoviště,Moravskoslezský kraj,59,337,593
597813,Slezské Rudoltice,Moravskoslezský kraj,72,438,505
597821,Sosnová,Moravskoslezský kraj,18,118,399
597872,Světlá Hora,Moravskoslezský kraj,125,727,1357
597881,Svobodné Heřmanice,Moravskoslezský kraj,23,125,565
597899,Široká Niva,Moravskoslezský kraj,33,180,554
597911,Třemešná,Moravskoslezský kraj,77,360,870
597937,Úvalno,Moravskoslezský kraj,39,182,984
597945,Václavov u Bruntálu,Moravskoslezský kraj,93,586,501
597961,Vrbno pod Pradědem,Moravskoslezský kraj,347,1521,4783
597970,Vysoká,Moravskoslezský kraj,42,198,319
597988,Zátor,Moravskoslezský kraj,52,225,1162
597996,Zlaté Hory,Olomoucký kraj,351,1799,3727
598003,Frýdek-Místek,Moravskoslezský kraj,3982,20189,54078
598011,Baška,Moravskoslezský kraj,112,502,4011
598020,Bílá,Moravskoslezský kraj,11,27,294
598038,Brušperk,Moravskoslezský kraj,90,454,4155
598046,Bruzovice,Moravskoslezský kraj,22,140,970
598062,Bystřice,Moravskoslezský kraj,89,389,5271
598071,Čeladná,Moravskoslezský kraj,86,420,2908
598089,Dobrá,Moravskoslezský kraj,75,364,3253
598101,Dolní Domaslavice,Moravskoslezský kraj,27,143,1455
598135,Fryčovice,Moravskoslezský kraj,34,161,2391
598143,Frýdlant nad Ostravicí,Moravskoslezský kraj,248,1073,9926
598160,Hnojník,Moravskoslezský kraj,38,148,1501
598178,Horní Bludovice,Moravskoslezský kraj,47,255,2574
598232,Hrčava,Moravskoslezský kraj,28,127,248
598241,Pětikozly,Středočeský kraj,6,35,87
598259,Jablunkov,Moravskoslezský kraj,153,592,5251
598267,Modletice,Středočeský kraj,34,147,639
598275,Kaňovice,Moravskoslezský kraj,8,46,362
598283,Sedlec,Středočeský kraj,13,48,526
598291,Čakovičky,Středočeský kraj,22,93,736
598305,Svémyslice,Středočeský kraj,14,64,561
598313,Trnová,Středočeský kraj,12,46,587
598321,Kozlovice,Moravskoslezský kraj,46,214,3125
598330,Tušovice,Středočeský kraj,1,8,97
598348,Krmelín,Moravskoslezský kraj,39,178,2360
598356,Kunčice pod Ondřejníkem,Moravskoslezský kraj,45,263,2433
598364,Lhotka,Moravskoslezský kraj,12,58,584
598372,Ostrov,Středočeský kraj,4,17,154
598381,Dubenec,Středočeský kraj,20,98,364
598399,Lučina,Moravskoslezský kraj,43,207,1538
598402,Háje,Středočeský kraj,19,102,583
598411,Lhota u Příbramě,Středočeský kraj,16,69,518
598429,Trhové Dušníky,Středočeský kraj,16,109,619
598437,Vševily,Středočeský kraj,8,24,142
598445,Morávka,Moravskoslezský kraj,36,163,1361
598453,Mosty u Jablunkova,Moravskoslezský kraj,70,289,3698
598461,Kňovice,Středočeský kraj,18,121,343
598470,Osečany,Středočeský kraj,10,53,272
598488,Radíč,Středočeský kraj,5,36,231
598496,Šípy,Středočeský kraj,4,24,156
598500,Krty,Středočeský kraj,11,78,121
598518,Žďár,Středočeský kraj,14,54,127
598526,Roztoky,Středočeský kraj,56,245,1049
598542,Ostravice,Moravskoslezský kraj,103,525,2506
598551,Palkovice,Moravskoslezský kraj,76,344,3499
598569,Paskov,Moravskoslezský kraj,200,992,3896
598577,Přerubenice,Středočeský kraj,4,12,86
598585,Nezabudice,Středočeský kraj,4,31,100
598593,Heřmaň,Jihočeský kraj,4,50,203
598607,Hlincová Hora,Jihočeský kraj,11,69,491
598615,Modrá Hůrka,Jihočeský kraj,7,36,104
598623,Mojné,Jihočeský kraj,1,3,301
598640,Vlčetínec,Jihočeský kraj,3,11,50
598658,Horní Meziříčko,Jihočeský kraj,12,67,106
598666,Zlátenka,Kraj Vysočina,3,14,46
598674,Sedliště,Moravskoslezský kraj,35,181,1717
598691,Hukvaldy,Moravskoslezský kraj,32,163,2165
598704,Čížkov,Kraj Vysočina,4,26,146
598712,Kojčice,Kraj Vysočina,5,38,345
598721,Libkova Voda,Kraj Vysočina,6,44,274
598739,Stará Ves nad Ondřejnicí,Moravskoslezský kraj,56,315,2969
598747,Staré Hamry,Moravskoslezský kraj,19,122,551
598755,Putimov,Kraj Vysočina,3,13,285
598763,Svépravice,Kraj Vysočina,1,1,116
598771,Syrov,Kraj Vysočina,1,1,57
598780,Borovany,Jihočeský kraj,6,25,203
598798,Šenov,Moravskoslezský kraj,151,716,6583
598801,Květov,Jihočeský kraj,4,26,125
598810,Třinec,Moravskoslezský kraj,1784,8432,34324
598828,Osek,Jihočeský kraj,8,58,134
598836,Václavovice,Moravskoslezský kraj,25,144,2120
598844,Vlastec,Jihočeský kraj,7,35,227
598852,Vlksice,Jihočeský kraj,2,9,149
598861,Žďár,Jihočeský kraj,5,28,254
598879,Vratimov,Moravskoslezský kraj,260,1225,7360
598887,Pivkovice,Jihočeský kraj,4,25,92
598895,Bezdědovice,Jihočeský kraj,12,39,387
598909,Skály,Jihočeský kraj,1,1,74
598917,Karviná,Moravskoslezský kraj,6280,31265,50060
598925,Albrechtice,Moravskoslezský kraj,156,785,3805
598933,Český Těšín,Moravskoslezský kraj,1505,7124,23396
598941,Dětmarovice,Moravskoslezský kraj,91,408,4382
598968,Dolní Lutyně,Moravskoslezský kraj,167,800,5300
598992,Hodětín,Jihočeský kraj,5,23,94
599026,Slapsko,Jihočeský kraj,14,91,139
599034,Zhoř u Mladé Vožice,Jihočeský kraj,5,36,109
599042,Slapy,Jihočeský kraj,16,85,520
599051,Bohumín,Moravskoslezský kraj,1796,9123,20555
599069,Orlová,Moravskoslezský kraj,3217,17348,27879
599077,Petrovice u Karviné,Moravskoslezský kraj,188,838,4909
599085,Petřvald,Moravskoslezský kraj,529,3157,7424
599107,Rychvald,Moravskoslezský kraj,335,1763,7721
599115,Řípec,Jihočeský kraj,6,26,344
599123,Ústrašice,Jihočeský kraj,12,76,410
599131,Nová Ves,Plzeňský kraj,7,12,151
599140,Stonava,Moravskoslezský kraj,85,426,1774
599158,Těrlicko,Moravskoslezský kraj,86,412,4831
599166,Němčice,Plzeňský kraj,6,50,136
599174,Močerady,Plzeňský kraj,10,68,72
599182,Pařezov,Plzeňský kraj,7,46,214
599191,Nový Jičín,Moravskoslezský kraj,1463,7049,22948
599204,Korkyně,Středočeský kraj,1,1,159
599212,Bartošovice,Moravskoslezský kraj,77,356,1727
599221,Popovičky,Středočeský kraj,3,6,456
599239,Vokov,Kraj Vysočina,2,3,203
599247,Bílovec,Moravskoslezský kraj,410,2180,7419
599255,Mezná,Jihočeský kraj,5,27,117
599263,Sedlečko u Soběslavě,Jihočeský kraj,22,135,228
599271,Zlukov,Jihočeský kraj,8,38,284
599280,Komárov,Jihočeský kraj,6,40,127
599298,Drahenice,Středočeský kraj,4,17,163
599301,Černíky,Středočeský kraj,4,10,173
599344,Frenštát pod Radhoštěm,Moravskoslezský kraj,509,2483,10686
599352,Fulnek,Moravskoslezský kraj,295,1452,5530
599361,Strojetice,Středočeský kraj,4,28,147
599379,Stranný,Středočeský kraj,4,26,122
599387,Soutice,Středočeský kraj,12,61,261
599395,Ostrov,Středočeský kraj,16,55,72
599409,Hodslavice,Moravskoslezský kraj,37,148,1700
599417,Železná,Středočeský kraj,14,85,324
599425,Želenice,Středočeský kraj,16,113,210
599433,Svárov,Středočeský kraj,18,94,608
599441,Stradonice,Středočeský kraj,15,78,141
599450,Grunta,Středočeský kraj,5,15,81
599468,Jeseník nad Odrou,Moravskoslezský kraj,89,336,1900
599476,Církvice,Středočeský kraj,5,16,196
599492,Újezdec,Středočeský kraj,11,62,143
599506,Jistebník,Moravskoslezský kraj,45,219,1736
599514,Březovice,Středočeský kraj,15,52,353
599522,Husí Lhota,Středočeský kraj,3,4,160
599531,Horní Slivno,Středočeský kraj,28,155,345
599549,Klimkovice,Moravskoslezský kraj,91,468,4534
599557,Koryta,Středočeský kraj,3,9,113
599565,Kopřivnice,Moravskoslezský kraj,1397,7418,21643
599573,Sezemice,Středočeský kraj,4,19,136
599581,Jiřice,Středočeský kraj,2,5,313
599590,Podmoky,Středočeský kraj,8,60,211
599603,Lichnov,Moravskoslezský kraj,31,77,1568
599611,Vrbice,Středočeský kraj,11,60,180
599620,Chleby,Středočeský kraj,18,103,441
599638,Hrubý Jeseník,Středočeský kraj,13,55,603
599646,Luboměř,Moravskoslezský kraj,11,37,398
599654,Nový Dvůr,Středočeský kraj,3,25,66
599662,Oseček,Středočeský kraj,7,26,165
599671,Čilec,Středočeský kraj,9,43,226
599689,Mořkov,Moravskoslezský kraj,52,206,2439
599697,Zbožíčko,Středočeský kraj,18,70,245
599701,Odry,Moravskoslezský kraj,522,2331,7421
599719,Tehovec,Středočeský kraj,12,93,644
599727,Karlík,Středočeský kraj,10,34,487
599735,Březová-Oleško,Středočeský kraj,51,224,1412
599743,Petřvald,Moravskoslezský kraj,21,92,1744
599751,Modřovice,Středočeský kraj,3,12,101
599760,Račice,Středočeský kraj,9,63,168
599778,Závraty,Jihočeský kraj,2,3,62
599808,Příbor,Moravskoslezský kraj,360,1811,8395
599832,Sedlnice,Moravskoslezský kraj,62,354,1796
599867,Spálov,Moravskoslezský kraj,22,84,902
599905,Starý Jičín,Moravskoslezský kraj,38,169,2982
599921,Studénka,Moravskoslezský kraj,543,2715,9317
599930,Suchdol nad Odrou,Moravskoslezský kraj,111,582,2880
599948,Štramberk,Moravskoslezský kraj,92,441,3528
599956,Tichá,Moravskoslezský kraj,34,171,1960
599964,Tísek,Moravskoslezský kraj,12,51,981
599999,Trojanovice,Moravskoslezský kraj,69,344,2749
